review,label,neutral_score,source
东西还可以，但是没有在店里吃的好吃,2,0.9,waimai
送货时间挺准的就是对路不太熟悉～还可以吧～,2,0.9,waimai
不错啊。快递很快，奶茶也还行。,2,0.8,waimai
还行，不错，快递也非常的快,2,0.8,waimai
还可以，就是米饭偏硬了点,2,0.9,waimai
口味还可以，肥牛入味还行,2,1.3,waimai
还可以，就是汁少了些,2,0.9,waimai
飞一般的速度,2,0.8,waimai
"猪手好吃啊，包菜一般,没什么可说的",2,0.8,waimai
有点辣还行吧，米饭少,2,1.3,waimai
豆皮还挺好吃的，热干面也还行,2,0.8,waimai
面一般，好闲！快递很快,2,0.8,waimai
"送餐师傅很快,可是菜品一般,感觉都不新鲜",2,0.8,waimai
尝了尝新款，凑合吧,2,0.8,waimai
中规中矩。,2,0.8,waimai
"送得特别快,饼味道一般",2,0.8,waimai
比较远，不过还可以了,2,0.9,waimai
卷饼很实在，京酱肉丝都是瘦肉。南瓜粥一般。,2,0.8,waimai
卷饼不错好吃，粥一般,2,0.8,waimai
还行，中份不算大，够一个女生吃，油太多了,2,0.8,waimai
饼味道一般吧，很少的一碗粥。,2,0.8,waimai
味道还可以，就是有点儿慢,2,0.9,waimai
送餐较慢、需提前一个半小时订餐、卷饼菜少、全是饼、粥也一般、但有优惠价格很实惠、也值了,2,1.2,waimai
还行吧，可以吃,2,1.3,waimai
东西还可以，就是速度慢了些。,2,0.9,waimai
卷饼不错！！饭的话一般般,2,0.8,waimai
味道还是很不错！！速度也还行，包装很不错！,2,0.8,waimai
粥还可以，饼真不好吃，就是肉块，口感不好，不好吃。,2,0.9,waimai
卷饼还行，粥太难喝，皮蛋瘦肉粥太腥了，还得自己下楼取，勉强好评,2,1.3,waimai
味道还可以，就是时间长点，挣钱都不容易，给满分吧,2,0.9,waimai
有点远速度还行,2,0.8,waimai
还行，如果蔬菜拌饭里能多加些辣椒就更好了,2,0.8,waimai
吃了两次了，卷饼可满意，其他的一般,2,0.8,waimai
一般，说实话没有我自己做的好吃好评吧,2,0.8,waimai
还可以就是送餐速度有点慢,2,0.9,waimai
饼有点硬，不过味道还行,2,1.2,waimai
送有很快，东西一般吧,2,0.8,waimai
味道一般。没有想象的好吃。,2,0.8,waimai
太贵了，不是想象的那么好吃，还可以吧，一般。,2,1.3,waimai
东西还可以但是送餐速度太慢了,2,0.9,waimai
味道一般为什么没有酱……,2,0.8,waimai
挺好吃的，京酱肉丝里面全是汁水很不错，肘子也还行，吃了2个和一碗粥，勉强吃饱，感觉有点少，这个中号的有大约5*5*25那么大，大胃的可能2个不太够。,2,1.3,waimai
南瓜粥一般，没有南瓜的香甜味道！,2,0.8,waimai
还行，就是吃不饱，下次订大份,2,1.2,waimai
粥一般，卷饼不错,2,0.8,waimai
还行，就是速度好慢，一个多小时,2,1.2,waimai
盖饭的味道一般,2,0.8,waimai
很快。。卷饼味道一般但是很值。。。,2,0.8,waimai
"鱼香肉丝卷味道不错,南瓜粥还行",2,0.8,waimai
味道还行，但是送得好慢,2,1.2,waimai
味道还行，量不大够。,2,0.8,waimai
味道还可以，量也挺足的。不过现在是用代金券和支付优惠，如果单论单品价格就比较高了,2,0.9,waimai
额，还行吧，下雨天送餐员不容易,2,1.3,waimai
还可以，就是等得太久太久了，两个小时,2,0.9,waimai
还行，挺好吃！,2,0.8,waimai
这个味道一般，不喜欢,2,0.8,waimai
包装很高大上～味道一般,2,0.8,waimai
味道还可以，就是送错了，京酱肉丝变成了香菇鸡肉,2,0.9,waimai
味道还行，用百度外卖比到店里划算多了,2,0.8,waimai
菜味道一般，南瓜粥好喝,2,0.8,waimai
很早以前就听说过宇宙卷饼，但是一直没时间吃到。不得不说宇宙卷饼包装让人眼前一亮，顿时觉得逼格提高了一个档次。土豆肉丝卷饼的吃起来比一般的摊卖的好吃一些，用了满减优惠之后很划算，总的来说挺不错的。,2,1.2,waimai
南瓜粥一般般，卷饼不错,2,0.8,waimai
菜挺多饭挺多就是牛肉丝质量一般,2,0.8,waimai
味道很不错。一般饭量一个中份卷饼就够吃了。,2,0.8,waimai
"还行吧,，味道个人不是很喜欢，一般般吧",2,1.3,waimai
量大卷，很粗壮虽然送了手套一只很贴心，但吃上还不是很方便留汤儿啊！口感一般没有特别记忆的味道，送餐快态度好外包装牛皮纸袋好！,2,1.2,waimai
卷饼味道很一般，饼皮有些硬，甜面酱太多了,2,0.8,waimai
味道还可以，就是稍微淡点，要在咸点就好了。,2,0.9,waimai
这次点了一个中份和一个大份，大份是第一次点的中份大小，应该是第一次点的中份送成大份了。中份量不大，大份还行。,2,0.8,waimai
"粥一般,饼不错",2,0.8,waimai
一般吧，没有期待中的感觉,2,0.8,waimai
卷饼一般，粥和小菜不错，包装很精致,2,0.8,waimai
"味道还行，送餐神速，就是有点贵,如果不减钱是不会吃的",2,1.2,waimai
"送的有点早,但是真的很不错,招牌的果然不一般~\(≧▽≦)/~",2,1.2,waimai
味道还行，送过来还是温温的，正好,2,0.8,waimai
上次说错了，培根味道一般、美式密肉的好吃，真的鲜榨果汁！,2,0.8,waimai
送餐不是一般的快，简直神速,2,0.8,waimai
每次点餐就是图快～店家每次都很快～味道还可以，但豆豉鲮鱼油麦菜居然是辣的，吃的有点辛苦！,2,0.9,waimai
羊肉的好吃，牛肉的一般，如果肉里有点酱油就好了,2,0.8,waimai
还行吧，素炒饼咸了，什锦炒饭淡了，醋溜木须油大了,2,1.3,waimai
菜品一般。快递不错！,2,0.8,waimai
饭菜一般，快递不错，赞一个,2,0.8,waimai
米饭一般，4块有点贵，小炒肉不错,2,0.8,waimai
菜还行就是油有点大。送餐小哥不错萌萌哒.,2,1.2,waimai
"一般一般,面不是手工削的。不筋道",2,0.8,waimai
"就是洒了,其他还行。。。。。。",2,1.2,waimai
味道还可以，就是太少，没有什么特色，不会再买了,2,0.9,waimai
还行吧，偶尔吃一下还可以,2,1.3,waimai
"还可以,但是饼还是烙出来的好,这种摊出来的,面饼,黏黏糊糊,不如那个好吃",2,0.9,waimai
还行，豆腐脑味道不行,2,0.8,waimai
感觉有点辣，味道一般,2,0.8,waimai
煎饼味道一般，没觉得有多好，也许是期望值高了。,2,0.8,waimai
味道一般，速度还挺快的,2,0.8,waimai
小炒肉太辣，其它还行,2,0.8,waimai
"划算,优惠过的价格才对得起煎饼果子,味道也还行",2,0.8,waimai
习惯好评，味道对我来说，很一般，豆腐脑太淡了，煎饼明明要的是薄脆的，结果送来的还是油条的，哎,2,0.8,waimai
给同事订的，还行吧,2,1.3,waimai
味道还行~豆腐脑的卤淀粉可能多了,2,0.8,waimai
外卖的饼有点软了，不过送餐还是比较准时的，一般都在30到50分钟之间就能送到，今天的豆浆没有糊味，赞一个！,2,1.2,waimai
一般，煎饼更适合现做现吃吧,2,0.8,waimai
还可以吧。不过最好可以有个标签标明是哪种煎饼，不然不容易分别出来！,2,0.9,waimai
藕盒不错，就是有点凉了；卷饼一般,2,1.2,waimai
煎饼还行，红油抄手好多油啊…,2,0.8,waimai
"之前不知道为什么取消我订单两次,这次打电话说80分钟能送到,问我能接受么,想吃煎饼就同意了,最后60分钟送到的,味道还行,送来的时候,薄脆还比较脆,就是煎饼里放了辣酱,稍微有点儿辣",2,1.2,waimai
包子一般，肉汁少点，粥不错,2,0.8,waimai
木有办法，喜欢吃的手撕包菜还是在店里好吃一些，放餐盒吾的一般。,2,0.8,waimai
"配送的又准时又快速。,肘子味道好就是量太少，鸡丁一般。",2,1.2,waimai
今天土豆丝一般，没有之前的好吃，估计换厨师了,2,0.8,waimai
"味道很浓郁，速度还行,就是有点油",2,1.2,waimai
菜还行，送餐的路不熟，一个小时才到,2,0.8,waimai
就是量特别少，味道一般吧。,2,0.8,waimai
咸水鸭太少味道一般！,2,0.8,waimai
还行吧，就是木瓜炖银耳太少了，还没有汤,2,1.7,waimai
味道还可以，速度一般。,2,1.3,waimai
火烧夹肉好咸啊！没法吃。其他还行,2,0.8,waimai
分量还可以……就是有点没特色……下回不吃啦,2,0.9,waimai
量很大，但是味道真的一般。等了一个多小时才送到，达到了超时赔付的时间，感觉百度超时赔付就是个摆设,2,1.2,waimai
菜品很一般哦，只能凑合,2,0.8,waimai
味道非常一般，，，，,2,0.8,waimai
配送竟然没经过我同意让别人代收了，我不知道，导致我收到饭比预定时间晚了一个多小时。饭的味道还可以，只是凉了,2,0.9,waimai
送的倒是真速度～可是勺也没给餐巾纸也没有-_-#…以后不点这家了…面不好吃～一股子很不新鲜的味道…鸡腿也是闻起来不新鲜…酒糟小汤圆好马马虎虎…,2,0.8,waimai
木耳有一股奇怪的味道。肉也有腥味，一般吧,2,0.8,waimai
"到达时间晚,因为下雨可以理解,就是收到凉了,自己加热后,食用味道一般,不是很喜欢",2,1.2,waimai
速度很快，还行,2,0.8,waimai
不是一般的慢,2,0.8,waimai
"一般吧,不够吃,价格不便宜",2,0.8,waimai
"不送上来，让下去去，还没赶下去，就来电话了，说给放到大厦大厅口了，真是太奇葩了，遇到过让在楼梯口等的，遇到过让在一楼等的，还没遇到过这种的，服务太差！！,卷饼味道一般，很肥腻，价格很高，简单的一个饼卷肉，一个最便宜的20，和肉夹馍差不多，总之，再也不会定了",2,0.8,waimai
饼一般，肉还行，辣白菜也一般,2,0.8,waimai
送餐太慢。不是一般的慢。11:04下的单，最后13:20才给送到！客户端催单三次没反应，打电话给商家打了两次，光送餐员（177xxxx0056）打电话就打了三次，最开始地点还给送错了！我又告诉他了地点在哪最后才给送到。这时候给送来了都开始上班了，没时间吃饭。强烈不满！！！看在送餐员岁数不大，一直在说对不起的份上，我还是把中间几位数字隐藏了。,2,0.8,waimai
一般，除了包装好看真的没什么了,2,0.8,waimai
"口感一般,卷饼有些硬",2,0.8,waimai
这破天气我也理解，但是这速度真的都凉了。。。味道一般,2,0.8,waimai
送餐速度慢，口味一般！,2,0.8,waimai
很一般，卷饼是死面的，较厚，吃不惯,2,0.8,waimai
买了7次，我自己下楼取了7次，而且配送员态度一般...不是来不及了就是电梯下不去！请问电梯下不去我怎么下去？,2,0.8,waimai
没想象的好，粥里没硬货，饼味道还行，量一般,2,0.8,waimai
卷饼还可以，这粥也太不值了！皮蛋两三粒，瘦肉一块没吃着，这能叫皮蛋瘦肉粥吗？就是普通的白米粥！！！！,2,0.9,waimai
根本不是肘子，就是五花肉，还很硬，很一般,2,0.8,waimai
从包装到味道总体还可以，就是小菜不怎么好吃，木耳还凑合，辣白菜根本不是那味儿！所以小菜再弄好点的话，还会多多支持！,2,1.7,waimai
土豆肉丝没有一丁点肉，怀疑送错了，皮蛋瘦肉粥很一般,2,0.8,waimai
卷的菜很少，感觉很一般,2,0.8,waimai
粥还行，拌饭的米粘糊糊的,2,0.8,waimai
送餐特别慢！！老板电话不给说！！除了送餐员还行以外，真的不知道说什么好，吃的还没吃，味道不知道，100多分钟才送到，就800米……还有评价单上的送达时间不对！！什么11点14？是12点14！！！！！,2,0.8,waimai
"说句实话,确实一般,如果不是因为优惠,20的最后4块钱买的,我真想退货",2,0.8,waimai
还可以吧。吃着也就那样。粥不错，挺好喝,2,1.3,waimai
送不到就不要接单好了，上午十点半下单下午一点半才送到，打电话店员态度不应该诚恳点？你还有理了？卷饼味道一般，凉的，像是剩菜。,2,0.8,waimai
包装不错，饼一般，肘子有点腥。,2,0.8,waimai
"饭真的很一般,米饭质量不行",2,0.8,waimai
包装精致，送餐快速，味道一般,2,0.8,waimai
送餐很快，味道一般,2,0.8,waimai
一个小时30分钟才送到，都凉了，味道很一般，再也不订了。,2,0.8,waimai
味道还可以，就是等的花儿也谢了，近2小时才送到…,2,0.9,waimai
包装挺好，土豆肉丝卷饼中的肉丝都是肥的，不好吃，土豆丝也一般,2,0.8,waimai
速度很快，味道一般,2,0.8,waimai
南瓜粥不错，素菜卷一般，跟土豆丝差别不大，就是加了豆芽，香菇，味道不突出。,2,1.2,waimai
两个多小时送到，味道一般,2,0.8,waimai
配送很慢，味道一般一般,2,0.8,waimai
送餐时间等太久了（80多分钟），还少送了一样，给退了钱，味道还行,2,0.8,waimai
味道还行，就是送餐太慢了……,2,1.2,waimai
馅儿还可以但饼不好吃，皮蛋瘦肉粥好吃,2,0.9,waimai
不好吃，很一般,2,0.8,waimai
味道一般般，饼大，肘子肉少。,2,0.8,waimai
早上9点订的，下午1点多才送到。中间催了两次。味道一般。就这样。百度，你们能把握一下入驻商家质量这关嘛,2,0.8,waimai
一般吧味道,2,0.8,waimai
不是怎么好吃，一般吧。,2,0.8,waimai
一般般，太腻,2,0.8,waimai
一般吧，饼不好吃,2,0.8,waimai
"太慢了,等了一个半小时，中号卷饼很大，有点辣，肉给的很多，没有酱？味道一般，南瓜粥没有味道也不甜。",2,0.8,waimai
味道一般吧，我让十二点半送来的，结果十一点半就送来了，我也是醉了。,2,0.8,waimai
卷饼味道一般，肉太干，不会再买,2,0.8,waimai
今天真是见识了，如此好的天气，送餐竟然能用了一个半小时。菜品也一般，皮蛋粥太咸了，鸡肉卷里一堆鸡皮，太令人失望了。,2,0.8,waimai
一般！也不怎么样,2,0.8,waimai
飘香肘子凉了而且味道不太好…酱香还行,2,0.8,waimai
送餐很慢，饿死了，味道很一般,2,0.8,waimai
"花了一个半小时才送到,肘子卷挺一般的,皮蛋粥也不怎么样,第二天早上还拉肚子了,不会再买了",2,0.8,waimai
不是一般的慢啊，快仨小时才到，不过素的卷饼还是挺好吃的，送餐太慢，感觉以后不会来了快～,2,1.2,waimai
卷还不错，但粥就太一般了，皮蛋粥感觉就是早就煮好的稀粥里临时加了几块皮蛋。,2,1.2,waimai
老公说一般,2,0.8,waimai
"很一般,有点小失望,而且送过来是凉的",2,0.8,waimai
很油味道一般,2,0.8,waimai
太慢了，口味对我来说是一般。,2,0.8,waimai
肉很足，味道还行，就是送的实在太慢了，等了两个多小时，到的时候菜都凉了。,2,1.2,waimai
味道一般般,2,0.8,waimai
辣白菜太酸，卷饼辣椒直接卷进去，味道一般，南瓜粥比较适合口味，下次不再点了,2,0.8,waimai
味道还行，拌饭的菜量太少啦,2,0.8,waimai
"等了1个半小时左右才送到,五花肉味道一般,配菜是青辣椒",2,0.8,waimai
味道一般，送餐时间太长…………都要长毛了，下次应该不会想再订了,2,0.8,waimai
第一次体验，但是感觉真的是一般....,2,0.8,waimai
"太多肥肉了,口味一般",2,0.8,waimai
非一般的慢,2,0.8,waimai
卷饼味道真的很一般,2,0.8,waimai
皮蛋瘦肉粥和南瓜粥也太难喝了，尤其是皮蛋瘦肉粥，很腥气，卷饼的饼是烫面的，不是图片中的烙饼，里面的菜味道还可以，但总体有待提高，希望商户继续努力，尤其是粥，熬的真的让我没法凑合。。。,2,1.7,waimai
两个小时才送来，卷饼味道还行，粥还不如早点摊的，没有皮蛋没有瘦肉，粥也没味道。冲着卷饼给两星吧。,2,0.8,waimai
送的太晚了，11点订的餐，一点半才送到，而且没到也一般,2,0.8,waimai
味道一般吧，菜给的少，送的时间太长了，包装到是不错,2,0.8,waimai
还算不错吧，一般般,2,0.8,waimai
味道真心一般感觉不是特好吃送餐的到还挺准时,2,0.8,waimai
还行…味道不咋地,2,0.8,waimai
一般般。。。,2,0.8,waimai
卷饼有点辣…倒是挺刺激的，蛮好吃～南瓜粥比较一般。送餐实在是慢！上一次就是因为慢取消了，这次还是超慢，而且也没有取餐送餐的状态，让人心里没底，希望改进吧！,2,1.2,waimai
味道还可以，就是量少…,2,0.9,waimai
早上十点多定的，下午一点多才给送到，太慢了，饼还一般,2,0.8,waimai
味道一般（纯素蔬菜卷）,2,0.8,waimai
一般般，速度太慢，太辣,2,0.8,waimai
一般，送饭特慢,2,0.8,waimai
时间太长，休息日居然90分钟，味道一般,2,0.8,waimai
"还凑合，第一次吃，从下单到吃到饼花了2小时。太慢。,饼有些凉了，而且酱料有点少。馅料也有点少。",2,0.8,waimai
"味道好一般,饼厚又硬。。",2,0.8,waimai
我和朋友两个人晚上吃完，第二天都拉肚子了，而且我们两个那天晚上只吃了这个卷饼，真是怕了。送餐倒是挺快的，味道也还可以，但是拉肚子实在是受不了啊。。。,2,0.9,waimai
还好，一般,2,0.8,waimai
品味太一般了！卷饼硬，里面夹的菜品量太小！肘子太肥,2,0.8,waimai
送餐60分钟，卷饼味道一般,2,0.8,waimai
卷饼味道很一般很一般，不好吃，但是便宜,2,1.2,waimai
"送太慢！粥没一点味道,并也很干,只能说一般！",2,0.8,waimai
特别慢！！！送餐态度还很差！等了一个多小时，说了一句你们也太慢了吧！人家说那没办法餐厅太忙！卧槽餐厅忙怪我喽，一直说快到了快到了！到不了就到不了我也不用一直在楼下坐着啊！千万别定这家！！！味道还一般！就是便宜,2,1.2,waimai
"口味还可以,就是送的有点慢...",2,0.9,waimai
实在很一般，干死了，不好吃,2,0.8,waimai
味道一般也就那样,2,0.8,waimai
一般。菜量很少,2,0.8,waimai
感觉味道一般,2,0.8,waimai
"味道一般,送餐也太慢了……",2,0.8,waimai
"送餐速度还不错,但真的不好吃,肘子卷里超过一半都是肥肉,就算没有肥肉,味道也一般",2,1.2,waimai
东西味道还可以但是送餐送了俩小时非高峰时段这速度真无语,2,0.9,waimai
"10点半下的单,12点18送到。速度太快了...味道还可以,但因为送来的晚凉掉了...",2,0.9,waimai
只能说一般，不怎么好吃，米饭明显感觉不是当天做的，用水泡太久了，,2,0.8,waimai
口感真心一般，下次不买了,2,0.8,waimai
操，送来全洒了不说，大夏天送来全是凉的，一个半小时送到，你们是特么做蜗牛来的吗？破外卖，必须你妈负分。菜品也特么很一般。,2,0.8,waimai
"外送非常非常非常慢,110分钟,我就日了狗了,味道也一般,量也很小吃不饱一个卷饼,以后不会再订了！！！！！！！！！！！！",2,0.8,waimai
味道一般！而且等了一个多小时。,2,0.8,waimai
包装不错，口味一般。,2,0.8,waimai
还行吧定的11点15送到结果12点30送来的,2,1.3,waimai
"十一点五十才送到,完了好久啊,味道一般,而且现在的并好小啊,大分的和以前中分的一个量",2,0.8,waimai
味道还可以，就是这送餐时间2个多小时才到，也是醉了！,2,0.9,waimai
味道还行，就是速度太慢太慢了，不到11点订的，快1点才到。,2,1.2,waimai
口味很一般，我说不要辣店家竟然把青椒给抽掉了，然后整个一个土豆丝饼，而且还咸。。。粥太稠了，都没有什么味道，有待改进,2,0.8,waimai
在这家订过三次，一次凑合，第二次没给送饮料后来补的，第三次我上午十点多订的下午两点多给我送到的，之间催单无答复，打电话催无人接，最后退单说五六分钟就到这单免，半天也没给我取消订单，到了连句抱歉都没有，百度外卖也没有直接退单还得联系商家，我要确认了觉得自己的权益都没法保护！以后不会再订这家了！我会想办法取消订单的,2,0.8,waimai
送餐速度真的很慢，还忘了送粥过来，又补送了一次，肘子卷很一般，如果能把设计包装纸袋子的精力放在提高产品质量和送餐速度上就好了,2,0.8,waimai
快递服务差，提前俩小时订餐，晚了二十分钟，味道一般,2,0.8,waimai
感觉没有一天好吃了，不过还行，凑合凑合一顿午饭呗,2,1.2,waimai
一般，速度很慢，慢，慢，无法想象的慢,2,0.8,waimai
"土豆丝肉丝里有辣椒,点餐的朋友们不吃辣的要小心!味道一般.",2,0.8,waimai
慢啊慢！！！十点10定的餐，十二点半不催还不来！服务态度不错就是慢！不饿的就可以慢慢等！蔬菜卷蔬菜太少，全是洋葱！！！包装还行…可有啥用呢？华而不实！,2,1.2,waimai
菜品很一般，理念好，产品没搞好！,2,0.8,waimai
送餐速度不是一般的慢，而且店家的电话永远打不通，也没法确认送达的具体时间。不会在订了,2,0.8,waimai
速度确实不是一般的慢，菜品我很喜欢～赞一个吧,2,0.8,waimai
菜少，口味一般,2,0.8,waimai
包装牛逼，味道一般，皮厚馅少,2,0.8,waimai
"马丹，敢不敢再他妈晚点儿？！！！！！,真是受够了，10:50左右定的，你丫快两点才送过来!,而且吃的真心感觉一般，一点也不好。马丹，真是气。",2,0.8,waimai
"首选是得吐槽一下这家的速度,一个半小时起,然后卷饼包装很不错,酱香鸡肉的比较赞,飘香肘子一般般,只是店家,我强调那么半天一点辣都不要,素卷里还是辣的,先吃了一口觉得你家酱汁太稀,味道淡,然后就直接吃到了红红的辣椒,我刚手术完几天不能吃辣啊,今天注定又是难熬的一天",2,1.2,waimai
太慢！！味道一般！！,2,0.8,waimai
等了一个多小时也就算了，粥撒了一半，袋子里面糊成一片！还让人怎么吃！！！！送餐的大爷态度还行,2,0.8,waimai
卷饼一般，就是送的太慢，都晚半个多小时了！,2,0.8,waimai
10点下的单，要求11:45送过来，结果12:45才送到，中间催单两次没反应，打400也打不通。快递小哥很朴实，12点多才拿到饭，然后风风火火爬步行梯到15层送过来，辛苦了，但餐厅做饭也太晚了吧！！！粥和肉卷味道都非常一般，等的快饿死了,2,1.2,waimai
两个半小时，不是一般慢啊,2,0.8,waimai
"等了俩小时,太tm慢了,卷饼倒还行",2,0.8,waimai
肘子卷味道一般，凉的,2,0.8,waimai
口味一般，感觉不是肘子肉,2,0.8,waimai
送餐太慢，等了一个多小时，口感一般，不值,2,0.8,waimai
还可以，就是量小点,2,0.9,waimai
粥一般，饼很大，卷的肉不太香，肉皮上还有毛。,2,0.8,waimai
粥尚可，饼一般,2,0.8,waimai
吃饱了，但口味一般，也许刚做出来好吃，建议老板尝尝送到手里的口味，看如何改良,2,0.8,waimai
口味一般，送餐慢,2,0.8,waimai
卷饼味道很一般，完全不是老北京的大饼卷肘子的味道，感觉就是卷了一盘炒菜，粥还行。,2,1.2,waimai
送的速度挺快的，态度也不错。菜的质量还可以吧，蔬菜不是特别多，但是用了券价钱很合适。,2,0.9,waimai
味道一般，土豆丝卷饼没有味道。,2,0.8,waimai
不说自己送的慢，闲我下去的慢，三电话，我能不着急去取餐吗？送餐人员太少了。卷饼一般般，谈不上多好吃。吃完愣是没吃饱，感觉像早餐。,2,0.8,waimai
可能是送餐员路不熟吧。居然2个小时才送到。然后我订的2个卷饼变成1个卷饼1碗粥。打电话给客服后，给予了解决。从新送了一份外加主动多送了2个饮料。土豆尖椒的卷饼一般，鸡肉的还行。,2,0.8,waimai
有点慢啊，，和图片不符合，吃起来一般,2,0.8,waimai
送餐慢，味道一般，一点都不值20块，牛肉的根本没出来肉啊,2,0.8,waimai
太慢，太小，吃不饱。味道还行,2,0.8,waimai
送错餐了当时，又给送了一份，味道一般,2,0.8,waimai
味道一般，图片显示好多菜，其实菜不多，大部分都是洋葱，有点失望。,2,0.8,waimai
一般，凉的，而且基本上全是饼，很厚，里面的馅没多少，性价比低,2,0.8,waimai
"太一般了,送到了都凉了,味道也太一般了",2,0.8,waimai
"饼粘糊糊的,里面的还行",2,0.8,waimai
口味还行，送货速度太慢了额，等了一个半小时,2,0.8,waimai
"味道还可以,不过送餐的时间好长",2,0.9,waimai
"一般,没我妈妈做的春饼好吃,面饼不好,太干,纯肉太荤",2,0.8,waimai
不是一般的慢，1.30才到。再也不会来了,2,0.8,waimai
真的非常一般的味道！量少价格贵，味道。。。勉强下咽。好的一点是，等了半个小时来的。,2,1.3,waimai
味道一般吧~而且吃出一根头发！！,2,0.8,waimai
"量少，男生需大份。味道一般.,送餐时间一个多小时,,太慢了",2,0.8,waimai
鱼香肉丝味道一般，南瓜粥太淡了,2,0.8,waimai
粥洒了很多，味道一般,2,0.8,waimai
送餐的小伙子，一直在跟我抱怨清华好大啊，好难找啊，都看到路牌了还跟我说找不到，我也是无语了……味道很一般，里面菜好少…,2,0.8,waimai
定了飘香肘子，冲着价格，口感也还行。肉有点柴了。,2,0.8,waimai
太油腻了，味道一般，包装不错,2,0.8,waimai
还行吧，料比较少，不过看起来包装还是很用心的,2,1.7,waimai
没有以前口感好了。肘子卷饼味道很一般了。逐步这样下去就没有竞争力了。,2,0.8,waimai
口味一般吧，感觉饼不是很新鲜。吃不太习惯。,2,0.8,waimai
"一般般吧,好多肥肉的赶脚",2,0.8,waimai
味道一般吧，但饼皮不像一些网友说的那么厚。有嚼劲,2,0.8,waimai
一般，PIZAZ料不足,2,0.8,waimai
卤打的还行，囊质量差了点儿，配送比计划晚了一个多小时，严重不满意。,2,0.8,waimai
那虾像死虾，虾肉像面一样！味道还可以！就是虾不好！,2,0.9,waimai
菜做的咸了，味道也一般,2,0.8,waimai
"煎饼都凉了,全压瘪了,豆腐脑也没有店里好吃,薏米水还可以,但是没拿管。。。",2,0.9,waimai
"一般般吧,没味道,说了多刷酱,还是那么抠",2,0.8,waimai
味道还行，配送太慢,2,0.8,waimai
早餐变午餐~味道真心一般~皮蛋粥巨大的姜味~送餐时间比预计的慢1倍~,2,0.8,waimai
提前说了不要香菜和辣，结果送来都有！餐品一般，包装不错，实话说还没路边煎饼好吃，不太好，属于不会再定下一次类,2,0.8,waimai
"送餐时间长了些，一个多小时啊！薄脆已经软了,，豆腐脑还可以，就是偏淡了，不过在家吃放点生抽刚刚好！",2,0.9,waimai
没有最慢，只有更慢。。。可乐也洒了，只有半杯。煎饼凉了确实一般。。。,2,0.8,waimai
口味还可以，就是送餐太慢。离着挺近的，结果等了1个多小时。,2,0.9,waimai
首先这个面的量真的一般，再说我吃第一口这个，简直了，您是把油罐子掉我面里了么？然后这个煎饼跟您照的简直差别也太大了吧？而且我定的不是鸡丝凉面么？鸡丝呢？一根儿都没有，我是真服了。简直太让人失望最后这个送餐我7点50定的，您8点50送过来，饿得半死了好不容易送来了。刚吃第一口简直让人失望。并且大夏天往你嘴里糊满了油你觉得你舒服么？服了！,2,0.8,waimai
还行吧，份量挺大，就是煎饼里的油条都蔫了。整个煎饼被挤成了一坨…,2,1.7,waimai
煎饼量大，酱料味道一般，凉面太油，稍辣,2,0.8,waimai
一般，价格味道不成比…,2,0.8,waimai
味道还可以，就是送餐很慢很慢很慢，第一次等了快两个小时，第二次一个半小时。,2,0.9,waimai
"味道一般,个人感觉猪蹄应该给切一下吧",2,0.8,waimai
前几天定下单半小时后被取消订单，今天定晚到30分钟...以后应该不会再定了，太耽误时间。煎饼味道还行，有点辣，就是路边煎饼加个油条撒上肉松。可乐是塑料杯的基本已经没汽了，以前在中关村那边订是给听装的。,2,1.2,waimai
味道一般，订单少了两杯豆浆，后来补上了，但与下单时间隔了5个小时,2,0.8,waimai
名气大，味道真心一般。薄脆偏油，煎饼还不错。拉面煎饼是创新，另类了，不符合我的口味。土豆丝肉丝卷，我只能说，简直就是灾难啦！,2,1.2,waimai
煎饼太一般了…,2,0.8,waimai
凉面一般额。。。。。。其他还行,2,0.8,waimai
豆腐脑味道感觉很一般,2,0.8,waimai
煎饼很一般，没什么亮点,2,0.8,waimai
等了九十分钟才送到，而且实物都洒了，味道还行，就是凉了。,2,1.2,waimai
粥还可以，凉菜一般。,2,1.3,waimai
菜真的很一般，还是店里吃好些,2,0.8,waimai
下单备注马上送出，打客服说11点半才送。订单迟迟不确认，取消订单还要打电话。整体感觉一般，菜没有以前好吃了。,2,0.8,waimai
还行，味道一般般，什么菜都是刚出锅味道好,2,0.8,waimai
送餐晚了，迟到好过不到，只能评价一般吧。,2,0.8,waimai
味道一般，而且少到可怜。,2,0.8,waimai
想吃万年青点的，整整晚了一个多小时，真是醉了，葱油拌面还行，就是送来已经坨成石头了。,2,1.2,waimai
送餐很快，点的意大利面，比较硬，味道一般。,2,0.8,waimai
"太慢了,不过菜还行,朋友说有点不新鲜,个人感觉还不错,超爱年糕的说~",2,1.2,waimai
他家的事物真的很一般只是方便而已,2,0.8,waimai
跟一般的卤肉饭差别还蛮大的～一般,2,0.8,waimai
"如果不是减8元的活动不值得买了。17的定价你们对得起么,味道还行。12元比较合适，14，5元要加饮料了。",2,0.8,waimai
一般，送餐的速度挺快的,2,0.8,waimai
送的面食，就提前确认好位置嘛，送了一个小时，要客户一遍遍催，面放一个小时基本就不能吃了。服务态度还行，但经验还得加强,2,1.2,waimai
3个羊肉串放在饭盒里面数了数合计11粒，豆腐很大的羊肉味，一个碎渣。茄子味道一般。。。羊肉串，差差差，非常非常不满意,2,0.8,waimai
第一次点，量少，味道也一般，,2,0.8,waimai
不知道为什么叫酸汤一点酸味没有，一般！,2,0.8,waimai
一般，有点咸,2,0.8,waimai
"太小了,味道一般,说多了都是泪",2,0.8,waimai
披萨冷了，但是味道还行,2,1.2,waimai
"送餐太慢,十点定的,两点才送到，如果不能保证送餐的话就不要搞这么大的活动。披萨味道还行，就是送过来的时候已经软掉了",2,1.2,waimai
"跟同事一块订的..她那里！！居然！！！！有钢丝球！我这里居然有黑的糊嘎巴。。。凑合吃了几口那什么银耳梨那汤里也黑了吧唧的不知道怎么回事没喝,送的倒是真快可是,食品卫生质量真的改善改善了,希望得到解决,不过啊",2,1.2,waimai
之前在百度外卖三次订过吉吉熊，还可以。这次却失望。披萨一看就是中午做多了剩下的。晚上又热了拿来卖。客人不是傻子，做生意要诚信，下次不会再点吉吉熊任何东西了。,2,0.9,waimai
还算凑合吧，不怎么好吃,2,0.8,waimai
整体感觉一般，时间比较长,2,0.8,waimai
送餐速度不是一般的慢啊。。。,2,0.8,waimai
订单上有饮料，送来的却没有.菜一般，送饭一个小时左右,2,0.8,waimai
"味道一般,这就是面饼吧,送餐超级超级慢,饿死我了,定的12点送到结果12点40才到……醉了",2,0.8,waimai
蛋挞太差劲了，怀疑烤熟没有～～披萨只能说凑合吧,2,0.8,waimai
味道还行，就是送的太慢了,2,1.2,waimai
感觉一般。说送美汁源果汁也没有送。,2,0.8,waimai
送餐太慢了！味道一般般,2,0.8,waimai
送餐巨巨巨慢，口味一般~,2,0.8,waimai
披萨味道一般，薯饼还挺喜欢吃的。,2,0.8,waimai
吉吉熊从来都不看备注的，从来不给勺子，说了一万次要勺子一次都不给的，还让我凑合。一次不给勺子我凑合就算了，这已经是我第三次订餐写了要勺子不给勺子了！我的订单记录每次都写了要勺子从来都不看这是最后一次了，下次再不给勺我退订！我是忍不了了，谁爱忍谁忍去。,2,0.8,waimai
菜品做的也就那样，水果沙拉基本上都是梨，汤没味，感觉像是前一天剩的又加水煮的。,2,0.8,waimai
"还行,就是凉了就不好吃了",2,1.2,waimai
味道很一般,2,0.8,waimai
送餐晚了一小时、6寸的披萨不如9寸的料实在、味道还行吧,2,1.3,waimai
味道还行，不过可能今天太忙给漏单了比较心塞…,2,1.2,waimai
鸡翅不是奥尔良味道，排骨不新鲜，送餐慢，披萨还凑合,2,0.8,waimai
味道一般。,2,0.8,waimai
吃的一般般,2,0.8,waimai
披萨味道一般，配送人员素质有待提高,2,0.8,waimai
味道一般，量有点少！,2,0.8,waimai
汤是那种汤包的，最好别点，咖喱饭味道太淡，龙珠是鸡肉和鱼虾之类的做的，感觉质量一般，另外包装不环保，还不支持在线付。。。。,2,0.8,waimai
材料很一般，味道也不好吃！,2,0.8,waimai
点了一份蒜，没给，口味一般吧,2,0.8,waimai
快递哥雨天送外卖很辛苦。麻辣烫一般，,2,0.8,waimai
商品一般吧,2,0.8,waimai
送餐比较慢，味道还行,2,0.8,waimai
和去店里吃的味道和菜的新鲜度不能比，这很一般,2,0.8,waimai
呃………今天的味道很一般,2,0.8,waimai
麻辣香锅味道一般,2,0.8,waimai
一百多的菜，没什么，有点少。胃口还行吧，麻椒有点多。,2,1.3,waimai
一般，酱炒蛋的口感比较干，汤没什么香味,2,0.8,waimai
速度很快，但是味道一般般,2,0.8,waimai
量特别大，但味道太一般！,2,1.2,waimai
量大。味道一般。速度较快,2,0.8,waimai
菜品还行，配送实在是差的要命，东西弄翻了，骨头里的酱汤弄的那都是，油乎乎的，韭菜盒子被压的馅全都出来了，变成两张面皮和散了一袋子韭菜陷，还有打包的米饭也都被油汤给泡了。配送成这样，还是百度自己配送的，实在令人失望！,2,0.8,waimai
很油很腻，味道一般,2,0.8,waimai
饺子皮厚，褶皱处都没熟，而且破了好多，味道也一般般，素三鲜里有的韭菜一看颜色就是剩的，以后不会再吃这家,2,1.2,waimai
"量不是很大,一把人还凑合",2,0.8,waimai
配料太多，味道一般,2,0.8,waimai
不好吃，酱油多味道咸，包装一般；关键吃了有点闹肚子。,2,0.8,waimai
"比一般好一点,比好一点一般",2,0.8,waimai
菜量一般，有点少,2,0.8,waimai
"送餐超慢，晚了一个多小时，催了三次,菜品油太大，除了汤还行，其他的都糊嘴,并且，说好了满100送大可乐，特意凑的单，结果送到了说没拿，打电话到店里结果接了之后说查一下给我回电话，然后就没有消息了",2,0.8,waimai
"味道还行,就是这肉切得太厚啦,太肥啦,第一次吃到这么大得肉",2,1.2,waimai
一般吧，还可以,2,1.3,waimai
凉菜味道还不错，热菜一般。,2,0.8,waimai
上面写的我的外卖大约会在13：06送达，现在都14：09了，锅包肉很少不说，好像人家剩下的。只有米饭还可以。再不会光顾你们家了，送餐用了101分钟真厉害，可惜不能上图。,2,0.9,waimai
速度挺快的~就是有点撒了，点的抹茶拿铁太甜了……味道一般,2,0.8,waimai
"冰太多,味道淡,质量一般,希望改进",2,0.8,waimai
一般般，都没吃，全扔掉啦！,2,0.8,waimai
"味道只能说还行,味精太多,没啥配菜",2,0.8,waimai
"送餐速度不是一般的慢,快两个小时才送来,宫保鸡丁饭米饭上面竟然还有咖喱",2,0.8,waimai
感觉一般般，不是,2,0.8,waimai
味道一般，送餐时间太长了。,2,0.8,waimai
太一般了，送的还特别慢，催了半天,2,0.8,waimai
"味道一般了,可能吃腻了",2,0.8,waimai
不是一般的差,2,0.8,waimai
"饭一般,但是配送很快",2,0.8,waimai
"一般,没有吉野家好吃,，,饭太多菜太少",2,0.8,waimai
送餐速度极慢，从下单到送到用了一个半小时，而且口味很一般,2,0.8,waimai
关东煮没有了，打来电话换了藕盒，很一般，怀疑藕盒不是和合谷家的,2,0.8,waimai
咖喱饭特别一般。。。,2,0.8,waimai
味道还可以，就是送的有点早，没在我写的时间送，到家吃都凉了。,2,0.9,waimai
"面坨了。,口感不好。调味也很一般。蔬菜发苦。只有红油猪耳差强人意。",2,0.8,waimai
酸辣粉太一般，不算好吃,2,0.8,waimai
小炒肉好失败，都是汤水，粉蒸排骨还凑合,2,0.8,waimai
干啥玩意吃的！餐厅都找不到还出来送！都没取餐还显示取餐了！菜品一般,2,0.8,waimai
味道还行，套餐里有雪碧或可乐没有送！,2,0.8,waimai
竟然悄悄涨价，素三鲜味道一般，备注了也没给醋和辣椒,2,0.8,waimai
"口味很一般！,万恶的百度外卖,你们优惠券每天只能使用一张嘛？？？！！！害得我下午不能喝星巴克了！！！,靠！！！真服了！！！",2,0.8,waimai
预计下午两点送达，到了三点多联系商家，说已经在送餐路上，四点多接到外送电话，告知刚拿到货准备送餐，五点准备下班货才到，品质也一般，无论是物流还是货品，都让人失望,2,0.8,waimai
"冻过头了,都变冰激凌的了,味道一般",2,0.8,waimai
送的确实有点慢，味道也一般吧，快递还不能送上楼,2,0.8,waimai
食物还行，外送太慢了，等2个小时，走也该来了,2,0.8,waimai
"肉饼一般，粥还凑合，一点下的单，二点半才送到，说电动车没电了，我觉得如果不能按时送到的话，应该及时和买家沟通一下，,避免买家联系不上而苦等！",2,0.8,waimai
挺不喜欢给一般的评价的。腊八，特意提早到十点半订的餐，结果还是晚了近一个小时。肉饼和糊塌子都凉了，而且特别的油，菠菜老的嚼不动，黄叶子都在里面。也不知道说什么好了。,2,0.8,waimai
速度很慢，东西也一般,2,0.8,waimai
"点了两份粥，咸死了！喝了两口就扔了！为什么弄这么咸！！！！！！！！！！,配送服务还可以，就是粥太咸太闲太闲！！！！！",2,0.9,waimai
还可以，就是送的山药卷没给，下次清点清楚再配送吧。,2,0.9,waimai
性价比一般。炒饭不好吃，肉饼还可以,2,1.3,waimai
做的太一般,2,0.8,waimai
还行吧，一般般，量很少,2,1.3,waimai
"炒菜还行,那个扁豆焖面太水了,还不如自己做的好吃！",2,0.8,waimai
送的有点慢，总体评价还行,2,0.8,waimai
我发现这家分店的炒菜全是汤很多，一般,2,0.8,waimai
"实在一般,送餐速度实在是慢",2,0.8,waimai
"出菜慢，92分钟才送达,菜的味道实在太一般了",2,0.8,waimai
口味一般，焦溜丸子不好吃,2,0.8,waimai
菜品质量还可以，但是大家注意点肘子时一定要三个菜，不然不给特价，但是系统会给下单，之后饭馆会不顾你是否方便无限的给你打电话，按照他们的要求加菜，然后付现，之后菜价不会按网上的价格给你，态度极其不好，第一次用百度，之后不会再用了,2,0.9,waimai
和菜量很大。味道也可以。不过锅包肉实在不敢说好。只能说非常一般。完全不是东北菜的感觉,2,1.2,waimai
菜量还不错，就是土豆丝炒鸡蛋基本没味儿。锅贴做的也和一般店里锅贴不一样…油大…,2,1.2,waimai
"菜品很一般,快递速度快",2,0.8,waimai
送餐很快，只是味道太一般！,2,0.8,waimai
只能说很一般……肉给的太少了，蛋也太小了……跟描述完全不符,2,0.8,waimai
点的是三文鱼，寿司，味道一般，没有带芥末和酱油也是醉了,2,0.8,waimai
小炒牛肉中的牛肉非常少，1两估计都没有；湖南大白菜也不正宗，就是一般的白菜，味道下降不少。,2,1.2,waimai
"味道一般,还好",2,0.8,waimai
"量很少,一般",2,0.8,waimai
味道很一般，不知道哪里怪怪的,2,0.8,waimai
"送餐大哥很给力,下着雨送来的赞哦,不过菜味道一般,米饭少的可怜",2,1.2,waimai
挺快，味道一般,2,0.8,waimai
一般，丸子不错，就是鸡翅糊了，味道很一般,2,1.2,waimai
就薯条还行！其他都不怎么样！,2,0.8,waimai
要的意式荤劲牛堡套餐，汉堡可能热的时候装进去的，到手面包胚已经湿软了，凑合吃一口吧，送餐的是个岁数大的男性，递过来给我零交流,2,0.8,waimai
非常一般，还不给够发票,2,0.8,waimai
送餐已超过预期送餐时间30分钟，送餐员还提前完成订单，到了还打感情牌，太差劲！汉堡一般。,2,0.8,waimai
"一般,送错地方了,到了都凉了,不好吃了都",2,0.8,waimai
"饭不止夹生还少给一份,味道一般,感觉有中被骗的感觉",2,0.8,waimai
铁板烧汁茄子味道真心不错！宫保鸡丁做的太甜了。水煮肉片味道还凑合，但是肉质太干！,2,1.2,waimai
菜品一般般,2,0.8,waimai
宫保鸡丁一般般,2,0.8,waimai
菜一般味不够,2,0.8,waimai
有些菜没有了，换了好几次，不过味道还行,2,1.2,waimai
剁椒鱼头换了酸菜鱼，有土腥味儿，很不好。豆腐还行～送餐小哥辛苦了。,2,0.8,waimai
量小菜一般,2,0.8,waimai
菜的味道一般,2,0.8,waimai
一般，送餐态度不错,2,0.8,waimai
快递很赞，食品质量一般,2,0.8,waimai
速度快，味道一般,2,0.8,waimai
"方便快捷,味道一般,能吃饱就行啊",2,0.8,waimai
不会再考虑了，很一般,2,0.8,waimai
填写了发票信息却没有开发票。负责配送调度的工作人员也不专业，都不清楚是否需要发票抬头。好的是发货快，饭菜性价比还可以,2,0.9,waimai
味道一般，有点辣。总体还好,2,0.8,waimai
还凑合，最近套餐都不好吃,2,0.8,waimai
"速度快,味道一般,量小",2,0.8,waimai
也就那样，不好吃,2,0.8,waimai
"商务套餐没有给换了排骨套餐，但是土豆片是脆的,我在想,这是熟了么？别的菜还行,送餐很快",2,1.2,waimai
一般，排骨给的少,2,0.8,waimai
"菜一般,给换餐了,不是我点的",2,0.8,waimai
送餐很快，但是没给发票。味道还可以，凑合吃吧。,2,1.7,waimai
一般。不过订餐立减。也就差不多,2,0.8,waimai
还行吧，划算,2,1.3,waimai
还行吧，我联系菜品多几种,2,1.3,waimai
味道一般，送餐堵车所以延迟20分钟,2,0.8,waimai
口味还可以，就是量越来越小了,2,0.9,waimai
菜一般，太素,2,0.8,waimai
味道很一般，看着盒子挺大，实际上菜没有多少。,2,0.8,waimai
"菜一般,给的还少.,新年来了第一餐不给力啊....",2,0.8,waimai
今天菜的味道一般，而且有两道主菜和官网菜单里的不一样,2,0.8,waimai
超时了十分钟，不过味道还行,2,1.2,waimai
一般、毕竟价钱不贵,2,0.8,waimai
20的套餐，4个菜，还行吧。,2,1.3,waimai
一般都是四个菜，今天变成了三个菜，菜品下降，有点失望,2,0.8,waimai
味道还可以，但是送货时间长，而且我是一个饭量一般的女孩子，稍稍没吃饱。,2,1.7,waimai
"还行,送货挺快",2,0.8,waimai
"服务可以,，但是菜品味道、温度都很一般",2,0.8,waimai
量够，味道还行，包装不错,2,0.8,waimai
米饭里面有石子，菜还行,2,0.8,waimai
"一般,不咋好吃,送的也不快",2,0.8,waimai
鸡腿饭一般，和想象中差距挺大，不是很推荐,2,0.8,waimai
这个鸡排就看不到鸡肉了，量足还行吧,2,1.3,waimai
木有给发票；味道一般。,2,0.8,waimai
"20的感觉一般,不如15的好呢.",2,0.8,waimai
20元套餐感觉一般般。,2,0.8,waimai
送的挺快，就是味道一般。,2,0.8,waimai
"1.韭菜盒子…太咸了！不是一般的咸！,2.菜，口味很一般，这样的菜有点不咋滴啊。,3.服务：首先没有小黄鱼，电话通知后换了个牛柳，这没问题。后来送餐员打电话，告诉饭店把准备好的南瓜粥不知放哪了，需要重做，让多等会。又过了一段时间，送餐员打电话，说韭菜盒子我订了俩，只做了一个，赶紧再做一个补上……,这饭店管理怎么如此混乱？",2,0.8,waimai
一般。感觉跟私人饭馆的一样。锅贴太硬孩子不吃,2,0.8,waimai
中午忙送餐慢可以理解，味道一般也可以理解，但粥里面长长的钢丝算怎么回事？,2,1.2,waimai
"西葫芦锅贴不错,清爽,粥类一般,黑芝麻糯米粥的黑芝麻不好吃,皮蛋瘦肉粥肉太柴",2,0.8,waimai
还行吧，比刚开业时差了一些,2,1.3,waimai
"做的不够精细,凑合吃吃也还好",2,0.8,waimai
味道一般，菜给的也太少了。。。水煮牛肉一盒，半盒的汤，肉贵，您把白菜什么给多点也行啊。。。白菜叶不舍得给，米饭还5块钱一碗！！这餐厅是要干黄的节奏嘛。。。,2,0.8,waimai
煲仔饭一如既往的好吃，但是鸡煲味道一般!,2,0.8,waimai
总体送餐时间较快，干炸小黄鱼、梧桐花鸡蛋炒韭菜的味道还可以，只是东边大拉皮是辣的（备注信息我说了不吃辣的），味道也很一般。大花卷个头还挺大，味道一般般。外卖袋子里还多了一个类似的肉馅，味道很不好，不是我要的，比较奇怪。,2,1.7,waimai
"配送人员很有素质,就是菜品太一般,宫爆鸡丁儿太甜了",2,0.8,waimai
菜品质一般千叶豆腐就小米椒有个味扣肉味太淡肉片厚,2,0.8,waimai
"送餐等了1:30小时,真是醉了,味道还行就是没给筷子",2,1.2,waimai
质量不好，量挺多，味道一般,2,0.8,waimai
"还可以吧,牛肉筋多有点老,泡菜还行",2,1.3,waimai
送餐速度慢了。有一份菜吃起来感觉没放盐！菜品一般！,2,0.8,waimai
一般般，凉菜，笋丝和木耳味道不好,2,0.8,waimai
送餐太慢了，致电餐厅，说做完很久没来取，菜品味道一般，量挺大的,2,0.8,waimai
味道一般，酸辣土豆丝酸的没法吃。。。肝尖也做的一般,2,0.8,waimai
明明备注了把茄子肉末面改成茄子肉末饭的，但送过来的还是面，都成一团了，根本没法吃了，其他的还可以,2,0.9,waimai
炸酱面送来的时候已经坨了不能吃了，粥还行。送餐时间大约两小时，不建议送,2,0.8,waimai
饭的味道太一般了，不推荐,2,0.8,waimai
配送很快，味道一般,2,0.8,waimai
"相比其他家东西少,价格贵,味道一般",2,0.8,waimai
口味可以，量不大。鸡块一般,2,0.8,waimai
"点了两个石锅饭,味道一般,有点酸",2,0.8,waimai
灰常一般，快是快，我家本来离餐厅就不远，饭比凉的好一点，就算非用餐高峰期外卖做成这样……拌饭是提前拌好的也不写明，多买了一袋酱←_←,2,0.8,waimai
"感觉一般,小份炒米条里米条真的很少,冷面也一般",2,0.8,waimai
太一般了，没有店里好,2,0.8,waimai
要了3份荞麦面，送了一个玉米的，两个荞麦。嫌麻烦就凑合吃了。证明配送员不认真。,2,0.8,waimai
凉了。。一般,2,0.8,waimai
等的时间有点久，味道很一般。,2,0.8,waimai
小炒肉还可以，担担面太失败了，又油又辣面也化了，果仁菠菜的花生好吃，菠菜都不新鲜了，不知道是不是被醋泡的。速度一般吧。,2,1.3,waimai
味道一般。不出彩,2,0.8,waimai
菜品很一般，西多士您怎么也得装个打包盒吧，好无语，看到都没胃口了，能上图的话真想上图让大伙儿看看～～,2,0.8,waimai
不是一般的差，服务差到至极！饭量少的要死！,2,0.8,waimai
您这一共一双筷子也太凑合了吧,2,0.8,waimai
口味比较淡，一般,2,0.8,waimai
我要的冻豆腐的，送来的却是酸菜的。味道倒是还行，就这样吧。,2,1.2,waimai
味道真的很一般,2,0.8,waimai
送餐速度不快，味道还行。,2,0.8,waimai
配送太慢了，小炒肉味道不错，干锅肥肠一般,2,0.8,waimai
"速度很慢,菜品一般,蛏子走的有点味道",2,0.8,waimai
送到速度慢，菜一般,2,0.8,waimai
长豆角注明不要辣，还是有辣。其他的还行,2,0.8,waimai
金针菇这次感觉口感不好，其他还行。,2,0.8,waimai
"一般吧,凑合",2,0.8,waimai
味道还行，蛙皮没处理好,2,0.8,waimai
口味还行。,2,0.8,waimai
"首先服务员态度懒散，推卸责任，叫外卖最最失望的一次，没有之一，其他家至多是菜不好吃，你家根本就是店员素质有待整体提高，从店面的经理到外送的服务生，素质真心太差，好在店长后来有特意致电，也拿出解决问题的样子来，勉强咽了口气。,菜品方面我本来想乱写，看在店长诚恳，我实话实说，两道菜都是重油重辣，烧饼也很辣，牛蛙的肉不是我喜欢的嫩的那种，有点像是速冻的那种牛蛙肉做的。另外那个青苹果汁基本上就只能说是色素糖精加水了，真心对不起“奶茶店现做”这个备注，这种水也用现做的吗？？尝了一口就都倒掉了，老板拜托你想办法提高点饮品档次，哪怕一点点，随便商场里的哪个水吧都比这个调的好，你涨点价钱都没啥，8块搞一大桶这个真心有被骗的感觉",2,0.9,waimai
味道一般，说是盖饭，但其实饭菜是分开装的,2,0.8,waimai
"送的很晚,味道一般版",2,0.8,waimai
"时间长,味道一般",2,0.8,waimai
太慢了，两个小时啊！！！味道还行！,2,0.8,waimai
味道还行，就是配送太慢,2,1.2,waimai
"菜的质量挺好,送餐很差味道比一般好些",2,0.8,waimai
菜品一般吧,2,0.8,waimai
速度太慢，味道一般。,2,0.8,waimai
太慢了，太慢了，以后坚决不定这家外卖了，10点过下的单，快1点了才送来，期间催单2词以后居然不接电话。。。只好打百度客服，味道中规中矩。唉,2,0.8,waimai
一般般，也就顶多值优惠过的价格！,2,0.8,waimai
"一个小时,已经出发了,两个小时,哦,单子弄错了,没送呢,然后刚要电话取消单子,送餐电话就到了,心想知道弄错之后这么快就到了,然后接到电话,下楼等外卖小哥,等了五分多钟才到,真是等的都不饿了,到了再打电话不行吗,让我还在楼下等那么久,炒饭还行,双皮奶一般",2,0.8,waimai
本来是想省时间的，结果定个外卖花了我两个小时，以后绝对不会再选择这家了，口味一般，送餐还这么慢，还想不想做生意了,2,0.8,waimai
干锅手撕鸡，鸡肉少，味道一般,2,0.8,waimai
菜做的一般吧,2,0.8,waimai
服务太差，菜品也实在一般,2,0.8,waimai
"还可以,就是花椒放好多啊,味道对我来说淡了点",2,0.9,waimai
还行、速度慢,2,0.8,waimai
速度太慢，味道还行。,2,0.8,waimai
味道很一般，以后不会再定了,2,0.8,waimai
百度外卖里的标价比店里的都要贵，外卖单上的价钱都比这个便宜。。。味道一般……,2,0.8,waimai
味道一般，不做推荐,2,0.8,waimai
"一般,偏贵",2,0.8,waimai
饺子味道还可以，就是送餐时间太长了，2个多小时才送到，而且餐具还没有，服务需要整体提升。,2,0.9,waimai
"鸡米花一般,炒饭还行,就是量少,减肥中的女士差不多够吃",2,1.2,waimai
炸花生米量大，但发干。肉夹馍肉多，但馍硬。蛋炒饭火候不错，但油大。总体都还行，但又都欠那么一点。,2,1.2,waimai
真不咋地，相当一般,2,0.8,waimai
一般仅限能吃饱，送餐来的时候把汤洒了。,2,0.8,waimai
锅包肉裹得糊太多了。烧茄子味道也不好，菜味一般。下次不会再定了,2,0.8,waimai
汤洒了一塑料袋。。。回锅肉味道一般,2,0.8,waimai
炒饭太油了，饭盒下边一层油，鱼香肉丝味道一般，挺失望的一次订餐,2,0.8,waimai
量一般，菜一般。。特别的一般。。,2,0.8,waimai
我家离贵店不是很远，送餐大概一小时，菜的口感一般，价格偏贵，米饭很少，性价比一般,2,0.8,waimai
可以……土豆丝一般,2,0.8,waimai
味道还行吧，榴莲少了点、人造奶油太多了。,2,1.3,waimai
味道很很一般，下次不会再订；话说168元12种口味，而且是30块小点心也就这样，不能奢望太高。,2,0.8,waimai
"送餐速度一般,味道还行可能时间稍长味道不正了",2,0.8,waimai
"一般吧,汤洒了快一半,时间还长",2,0.8,waimai
量太少，大酱汤套餐真心不值！一份汤，一碗米饭，一盘咸菜竟然那么贵，没尝出好吃来，一般吧,2,0.8,waimai
送餐速度很快，味道一般,2,0.8,waimai
"石锅拌饭真心不好吃,尤其是豆芽菜特别噎嗓子,冷面凑合",2,0.8,waimai
一般，没有石锅味道就是不行。。。,2,1.2,waimai
"晕了,鸡肉丸10快就那样不满意,吃亏了,拌饭盒子太小",2,0.8,waimai
定了正一味的辣白菜，18元分量很少，没有米饭，味道一般,2,0.8,waimai
个人感觉味道很一般,2,0.8,waimai
送餐员很给力，这菜真是一般般啊。,2,0.8,waimai
口味一般。。。。,2,0.8,waimai
送餐快，但口味一般,2,0.8,waimai
一般。名不副实。不会再订了。,2,0.8,waimai
一般般，而且那个打包盒也太low了,2,0.8,waimai
还行吧，因为送来时有点凉了，等的有点久,2,1.3,waimai
味道还行，就是送的太慢了，催了3次一个多小时才送来，送来的时候饭都凉透了,2,1.2,waimai
不是一般的慢等了两个多小时，冷面已经成一坨了，夹着一根面整碗都能提起来…,2,0.8,waimai
送来饭都不太热了，米饭很硬。口味一般般,2,0.8,waimai
米饭很硬，送到也不太热。口味很一般。,2,0.8,waimai
送来的菜，油汤都流出来了。弄的满袋子都是。菜品味道很一般。,2,0.8,waimai
这家店我去店里面也吃过，真心越来越一般。,2,0.8,waimai
还行。就是有点凉了,2,1.2,waimai
一般都是会订有些名气的，之前也定过别家正一味，但从来没有想到这家会做的那么差~！2小时后才收到。如果不能送可以在订单时告知客户，尽快取消没有什么的，但是。。。。送餐人员也将近送了1个小时。。。很无语,2,1.2,waimai
等的太久了，送餐时间太长，口味也极其一般，下次不会再定。,2,0.8,waimai
石锅拌饭味道一般,2,0.8,waimai
饭已经都凉了，汤都洒的到处都是。。。味道很一般,2,0.8,waimai
上一次送餐用了2小时，这一次倒是挺快的，但是全是凉的，尤其是大酱汤，基本常温了，餐盒特别软也不敢加热，就那样吃了，很不舒服，但是外送也不能要求太多吧,2,1.2,waimai
"很一般,送到家凉了",2,0.8,waimai
煎饺还不错，冷面一般,2,0.8,waimai
慢，太慢！做不了外卖就不要接这个活儿！东西送来都凉了，厚厚一层油挂在边上，什么玩意儿嘛！！味道也一般，不会再买了，太差劲！,2,0.8,waimai
一般吧，真心不辣，速度不错，口味一般。,2,0.8,waimai
呵呵。写的30分钟，送了1个多小时，泡菜汤好一般啊,2,0.8,waimai
味道一般不太喜欢。,2,0.8,waimai
"辣牛肉汤没有米饭,希望以后能注明,一般韩式料理都是买汤送米饭的",2,0.8,waimai
太一般了，这个价钱不值,2,0.8,waimai
送到都凉了，味道一般,2,0.8,waimai
"从订餐到送餐送3个多小时,一帮人饿的晕头转向,大酱汤洒得一干二净,送餐的师傅找不到楼单元门,还不带零钱,饭菜味道也一般,再也不会订了!!!",2,0.8,waimai
"一般吧,少了米饭",2,0.8,waimai
味道一般，米饭跟菜混在一起，不知道是不是把剩的掺进去了,2,0.8,waimai
"凉了些,味道一般,没在店里的好吃",2,0.8,waimai
可能是因为远，汤都在盒子外面，鸡肉饭的味道一般,2,0.8,waimai
性价比太低，而且味道一般,2,0.8,waimai
双拼还凑合，东坡饭太差劲了，肉都是肥的，米饭少还没蔬菜，早知不订了,2,0.8,waimai
味道一般，速度挺快,2,0.8,waimai
辣五花石锅拌饭一般，韩式㳂菜汤還可以,2,0.8,waimai
味道著實一般送到時候飯涼涼的,2,0.8,waimai
味道一般，海鲜蟹肉的从来就没定成功，为什么还要在列表里面显示，没有就不要写出来，最后还要打电话说换别的口味,2,0.8,waimai
良少，味道一般明显比去店里吃差很远,2,0.8,waimai
焖面不好吃，粥还凑合。,2,0.8,waimai
菜品味道很一般,2,0.8,waimai
鸭头全部都炒糊了，味道实在是一般。,2,0.8,waimai
"九转大肠不错,其他一般啦！",2,0.8,waimai
"送来的时候都凉了,味道一般,鲜果西米露就两口的量,鲜果就是一块西瓜一个西瓜籽",2,0.8,waimai
点的酸辣粉和麻辣凉面。前者没之前的好吃，凉面过麻，客服打电话询问意见时说“因为是麻辣凉面啊”，也是醉了，显然没搞清楚还有个量的问题。偶尔吃一吃还行,2,0.8,waimai
面的味道还行，送的晚了15分钟汤全洒了不说，送餐的人还多嘴多舌的，这顿饭吃的很心烦,2,0.8,waimai
送餐时间太长，饭太一般了，汤是调料冲的,2,0.8,waimai
怎么老少东西啊？鸡枞菌两份只给了一份，花生米也没给，还行不行了，就这样也叫做生意？,2,0.8,waimai
炒饭不好吃，鲜花饼还行，穿心莲还行,2,0.8,waimai
快递很快，米线一般,2,0.8,waimai
味道很一般，量特别少，居然没有筷子!,2,0.8,waimai
味道一般吧，黑三剁不如以前的好吃,2,0.8,waimai
除了米线果然都一般。。,2,0.8,waimai
饭的味道一般，但是有两点比较牛逼，第一个送餐送了两个小时，第二个，饭里配料加了订书钉。,2,0.8,waimai
"特别慢,东西一般,没有餐具和番茄酱",2,0.8,waimai
东西不错，就是有点慢，老板服务态度还可以，送餐的就差点事儿了，还说我扣了他的东西，哎。。,2,0.9,waimai
我们办公室女生比较多，都吃不饱，饭量少的可怜，味道一般,2,0.8,waimai
挺快，饭一般，全是油,2,0.8,waimai
鸡翅一咬里面全是血。玉米还是不错的，其他都一般,2,0.8,waimai
一般，量挺足，味道一般,2,0.8,waimai
"鸡翅很一般,五花肉泡菜还不如正一味的一半好吃呢,就是送餐速度还不错",2,1.2,waimai
"一般般，真心一般般,不是朋友要吃，不会买",2,0.8,waimai
菜色一般，味道也不怎么样，若是选择还是不要的,2,0.8,waimai
味道一般。来的时候已经有点凉了,2,0.8,waimai
"味道还凑合吧,就是太少啦！餐盒一半的量！",2,0.8,waimai
量少，但是女生一个人吃还行。快递还还行吧，但是等的时间很长,2,1.7,waimai
一般吧，有点偏咸口,2,0.8,waimai
菜品说实话很一般，比正一味差远了，送餐师傅很快，态度也好，天气很热辛苦了,2,0.8,waimai
不是一般的慢呵呵呵呵无语了,2,0.8,waimai
味道一般，不是很正宗。,2,0.8,waimai
一般，饭有些硬,2,0.8,waimai
等了很久，没关系，毕竟还在约定时间内，可是最让我忍不了的是真的很一般，个人口味吧，反正不和我胃口，我属于嘴挑的那种，石锅拌饭？味儿很不对！！薯条？？？嗯！炸的肯定没有肯德基麦当劳好吃！,2,0.8,waimai
饭量太少，味道马马虎虎过得去,2,0.8,waimai
味道一般般，量好少,2,0.8,waimai
不给餐具！可还行！太差了,2,0.8,waimai
"等了好久才送到,真不是一般的慢,比预计晚了降近半个小时,连电话都不打一个",2,0.8,waimai
他家的味道还行，就是都凉了,2,1.2,waimai
味道还可以，就是送餐延迟食物凉了。,2,0.9,waimai
"鸡丁根本没有用油过，而且上的浆太稠了*失败！,鱼块基本是鱼尾部做的，味道一般★失败！,他家还是红烧肉好吃(*^﹏^*)。。。。下次就订红烧肉吃╮(╯▽╰)╭还是比较靠谱！,大五星评论(๑•ั็ω•็ั๑)哟！",2,0.8,waimai
菜好淡，没有味。就肠还行,2,0.8,waimai
味儿还行，就是油太大了！,2,1.2,waimai
送单速度很快，味道一般，不像秘制。卖相很差，其实就是红烧肉加红薯。点错餐了。,2,1.2,waimai
菜量很小，味道一般,2,0.8,waimai
"味道一般,鸭翅有点酸.鸭脖太硬",2,0.8,waimai
主题太硬了吧？腐竹还凑合,2,0.8,waimai
久久鸭的口味偏颇，辣味不是很浓。总体而言还行。但是没有餐具，虽然我的单里说明要餐具了，这是一个遗憾！不过送餐速度很快！,2,1.2,waimai
好评给快递员！东西一般般……不喜欢，秘制凉皮勉强吃了一半,2,1.3,waimai
味道很一般…,2,0.8,waimai
凉皮味道一般，真没觉得怎么特制勾魂,2,0.8,waimai
味道太一般,2,0.8,waimai
除了肉夹馍好吃其它一般了，他们为了节省餐盒吧，打包羊肉泡馍过来汤一点都没有了。,2,0.8,waimai
个人感觉很一般，家人都不吃,2,0.8,waimai
"味道一般,送餐很慢",2,0.8,waimai
肉夾馍不错，其它一般。,2,0.8,waimai
凉皮味道还行，别的真不好吃，那个面条一点儿味道也没有，鸡蛋汤也是。,2,0.8,waimai
凉皮一般，其他的就不多说了。,2,0.8,waimai
凉皮吃不惯，送餐一般,2,0.8,waimai
忘了放辣椒了，味道一般，南瓜饼还不错,2,0.8,waimai
送货速度很快，味道一般。,2,0.8,waimai
凉皮还可以，就是觉得太辣了,2,0.9,waimai
"肉夹馍是脆皮的,味道还可以,凉皮子一般,油条不错",2,1.3,waimai
"还行,一般般",2,0.8,waimai
还行吧～味道不太能适应,2,1.3,waimai
一般吧，以后也不会再点了,2,0.8,waimai
饭菜质量确实一般,2,0.8,waimai
"秘制凉皮不好吃,太油,卤肉饭还行",2,0.8,waimai
"量太少,味道也一般",2,0.8,waimai
味道很一般，比老车记差远了,2,0.8,waimai
味道一般，还赶上没发票,2,0.8,waimai
味道一般，而且鸭头没给切开，吃着真费劲，餐具也没给特意标明的,2,0.8,waimai
送餐太慢了，等了1个半小时；味道还行。,2,0.8,waimai
菜少了些，其他的还行吧,2,1.3,waimai
今天有点点小雨，送餐真的慢。吃起来口味一般吧，可能是黄焖鸡就要特别热的吃才好吃。,2,0.8,waimai
"味道还行，但是送餐太慢了！！！,饭菜全凉了",2,1.2,waimai
"孜然鸡丁饭没有上次好吃,而且还提价了一块钱,宫保鸡丁一般",2,0.8,waimai
饭菜质量一般般，可选的饮料种类也少,2,0.8,waimai
口味还行，菜和米饭太少，送来的时候都是凉的,2,0.8,waimai
"一般,不好吃",2,0.8,waimai
还可以，比预计时间晚了一小时到，不过还好,2,0.9,waimai
我已经不想骂人了，我只想打人！跟同事一起订的让11点半送到，结果同事的送到了，唯独没有我的！打电话问店里（很难才打通），他们说11点20就送出了，那为什么没有呢？打了好几个电话催，终于在12点30多送到了，这一餐吃得艰辛啊，还害我午休时间都没有了！再评价饭菜吧，米饭不错，是大米饭，软硬适度，但是菜一般，不值，加一起差不多也就值花的这些钱，加上百度给的13块就实在是不值了，不知道是百度被坑了还是我被坑了。三次订餐都很失望，我不会再在百度外卖订餐了，失望至极！,2,1.2,waimai
品味一般，F服U务C差K！,2,0.8,waimai
饭还行，催单的时候接电话人态度不咋地。,2,0.8,waimai
太慢了太慢了太慢了，饿死了，味道还行！,2,0.8,waimai
味道还凑合，就是送的太慢了，承诺40分钟送到，结果用了100分钟,2,0.8,waimai
催单过程中，餐厅服务员态度一般！没说完就挂电话！,2,0.8,waimai
牛肉套餐还可以，就是送餐超级慢啊,2,0.9,waimai
味道一般，太腻,2,0.8,waimai
一般般还很慢,2,0.8,waimai
"面太软了,味道一般",2,0.8,waimai
味道还行，比较辣,2,0.8,waimai
第一，这个系统怎么回事？明明12:50才送到，下方黄字系统写的11:52到达。第二，这次包装很不妥，饮料把菜盒压扁，菜汤粘了饮料半罐，送的餐巾纸是用来擦这菜汤的吗？第三，米饭很一般。,2,0.8,waimai
味道一般～,2,0.8,waimai
面送来味道就一般了,2,0.8,waimai
预计11点44送达，结果12点55才送到，中间催了3次单，打每次都说在路上，走着20分钟骑车30分钟送不到，打电话给小渝府，不说帮着催单，先嫌弃我们订餐晚，我12点半在所门口等着，发现31分有未接，打回去没人接，过会他打回来说“电话没打通，就走了，已经先去送别人了”，真真大瞎话，我12点半我一直门口等着，就没有送餐的过来，最后55分才拿到饭，客服态度差，送餐晚，饭味道一般，送餐人员还说谎，以后肯定是不会在你家买了,2,0.8,waimai
太一般，跟图片差距太大了,2,0.8,waimai
梅菜一般，肉还行。配菜凉拌黄瓜还行～,2,0.8,waimai
"米线好多,没有店里好吃,但是还可以啦",2,0.9,waimai
"猪蹄每次大小不一致而且太肥过于油腻,配菜应该是海带丝,所以整体一般希望改进",2,0.8,waimai
一般，很一般,2,0.8,waimai
速度不是一般的慢,2,0.8,waimai
红烧牛肉套餐基本上都是土豆，一般，送餐时间那是个超慢啊,2,0.8,waimai
油撒了很多，袋子里全是油。味道还行。送餐迟了30分钟。,2,0.8,waimai
牛肉的筋太多，味道还行，不过价格摆在这里，挺公道的了,2,1.2,waimai
"汤的味道还行,就是送餐小哥第一次来这边,用了很长时间",2,1.2,waimai
"基本都是肥肉，大概5~6片。有点咸，卤蛋就是乡巴佬袋装的，开始还以为是他们自己做的。,总体来说,很一般",2,0.8,waimai
从下单到送到整整一个半小时。菜都凉了，味道也很一般。,2,0.8,waimai
口味一般，送的太慢了，将近三个小时，午饭定了当晚饭刚好，，，,2,0.8,waimai
"味道一般般,不过送餐速度很快",2,1.2,waimai
"还行，小炒肉,就是不辣",2,1.2,waimai
西红柿汤还行，就是感觉米线不是太精到！米线有待提升.,2,1.2,waimai
"送餐速度一般一小时左右,等待太漫长啊,味道还不错",2,0.8,waimai
我点的渝川番茄米线，口味一般，没有期望那么好。为了错开用餐高峰期，11点01分下的单，结果一个小时后没有到。一直催了N次单，店员总说送出来了。从小渝府到北科一共5分的路程，加上做的时间，送其他人餐的时间，怎么算也用不了三个半小时。不得不想点了餐，是不是去种菜种大米了！好好的生意也是会做黄的！经过几次交涉，餐送到。口味还一般，真不知道为什么小渝府有名的米线是怎么来的？刷的吗？这个样子，也就吃这一次了。,2,0.8,waimai
咸菜炒肉，很一般,2,0.8,waimai
饭还凑合，一直都订你家的，今天居然晚了1小时，打电话询问服务员还一副我欠她钱的样子，真是够了，哦，呵呵。地址离店走路也就20分钟，现在居然完1小时,2,0.8,waimai
鱼块味道一般，小咸菜味道不错，米饭有点多,2,0.8,waimai
口味还行，油较大,2,0.8,waimai
味道还可以，就是饭菜全凉了。。。本来11点前点的餐，硬是快到1点钟才送过来，我真是服了这送餐速度了。。简直刷新了我对于外卖服务印象的下限。,2,0.9,waimai
饭还行，就是送的太慢,2,1.2,waimai
"晚了45分钟，套餐有半个卤蛋，但是没有饮料；,肥牛饭味道比较一般，但量很足（ps,配菜是豆芽菜，个人最不喜欢豆芽菜,赶上了……）",2,1.2,waimai
除了米饭不好吃其他都还行,2,0.8,waimai
口味还行吧。。。就是送餐太慢太慢太慢了。。2个小时啊。。,2,1.7,waimai
实在是一般啦,2,0.8,waimai
菜品偏咸，味道也一般。打开包装里面菜汤全洒了。,2,0.8,waimai
口味一般，送的太慢,2,0.8,waimai
送餐速度还行。味道惨不忍睹，就怕菜的味道太淡，特意点了宫保鸡丁，这居然都能做的那么淡，不咸不辣有点腥。以后估计不会点小渝府的外卖了。,2,0.8,waimai
"还行,就是一个多小时才送达",2,1.2,waimai
一般吧，套餐里的菜有点凉了,2,0.8,waimai
味道一般，面只有辣、麻，土豆丝没味道,2,0.8,waimai
"我要的是酥肉套餐,，结果送的是扣肉。这怎么评价呢，扣肉味道还行吧。",2,1.3,waimai
"感觉还可以吧,味道一般",2,1.3,waimai
味道一般，送的太晚,2,0.8,waimai
里边的黄花菜比较少，基本就是黄瓜、肉片和胡萝卜，萝卜吃着还可以，包菜太淡无味，整体感觉一般吧！,2,1.7,waimai
味道还可以，但是送到时间也太长啦，十一点二十下的单，到下午一点半才送来，打电话打不通，打通就告诉已经出来啦，打了三四遍电话才给从新做了送过来，气愤呀,2,0.9,waimai
酸味还行，量也不错！！送太久了，都凉了。,2,0.8,waimai
"还行把,就是饮料到的时候给挤坏了，都撒了。没喝几口",2,1.2,waimai
等了一个多小时，催两次单，不过客服态度还可以。,2,0.9,waimai
"味道一般,唯一好处,量大,送餐慢",2,0.8,waimai
速度慢，换的汤太难喝了，咸，炒饼还好吧，总之一般般！,2,0.8,waimai
"别的百度骑士都给送上楼,这个没有给送到楼上,没有就算了,态度也一般,就这样吧,粉吃起来的味道还是可以的,气味稍微有一点怪。。而且并没有见到螺丝,有点失望",2,0.8,waimai
光觉得辣了，绿豆沙也比较一般,2,0.8,waimai
"汤还可以,粉一般,上次在店里吃就觉得好像不熟,这次外卖还没在店里好吃",2,1.3,waimai
口味一般！蕨菜用塑料袋装的，感觉很不好，为什么不用小碗装呢？以后不会吃了,2,0.8,waimai
"快递小哥坚持送到位，表扬一下。,螺狮粉味道太一般。",2,0.8,waimai
"味道好一般哦,配料不丰富",2,0.8,waimai
下了单说一个小时之后送，过了一个小时送餐员打电话又说晚15分钟，而且态度不好！味道也一般，跟小螺号比差远了，再也不点了,2,0.8,waimai
肉夹馍不错，羊肉泡馍酱肉包很一般。凉面没想象中好吃。送餐倒是很快。,2,0.8,waimai
1。酒店比较新，装潢和设施还不错，只是房间有些油漆味。2。早餐还可以，只是品种不是很多。3。交通比较方便，周围的小饭店比较多。,2,0.9,htl
"价格偏高,服务一般.窗外风景ok.早餐还不错",2,0.8,htl
"价格偏高,好象连云港这地方的酒店都偏贵.早饭不好.房间还不错,窗外风景还行.最重要是房间的窗户很隔音.床小,还是明珠万豪的床好些.",2,0.8,htl
"总体还可以,就是前台服务员还不够敬业,在登记入住后,看都没看是不是本人,就把我客人的护照给了其它人,幸亏就在旁边,要不然不知后果怎样,之后连说声不好意思,或对不起都没有!!!希望改进!!!",2,0.9,htl
"房间设备太破,连喷头都是不好用,空调几乎感觉不到,虽然我开了最大另外就是设备维修不及时,洗澡用品感觉都是廉价货,味道很奇怪的洗头液等等...总体感觉服务还可以,设备招待所水平...",2,0.9,htl
3人间还是比较大的，就是暖气不是太暖和，时冷时热。被单会有油污的地方，不过还可以接受。洗漱间和厕所没有暖气洗澡刚开始会较冷。24小时热水、比较周到的服务、桶式饮用水还是不错的。周围环境还可以比较安静，西到西直门、动物园；北到积水潭、新街口豁口；南到西单；东到后海还是比较方便的地理位置。豁口新开的新华百货商场比较气派，还不错可以逛逛。推荐居住！,2,0.9,htl
去住的话最好是住朝向大院的房间，因为酒店后面有中央空调的一些设备，晚上响起来的话影响休息的。早餐很一般，没甚么好吃的东西。酒店旁边有条小路，那里有几家实惠的小饭店，比如私家菜甚么的。总的来说，出差宜兴，国际饭店还是第一选择。,2,0.8,htl
各方面都不错，性价比也比较高。就是有些房间内设施要打电话才送来，例如电吹风，地图等。我住的是B区，好像要档次低一些，但还可以，只是我住的房间刚好有半堵墙挡住了风景，但是我同事住的对着湖面很漂亮。健身区正在装修，所以没能去游泳和运动很遗憾。大堂满高档的。房间内饰比较朴素。早餐还行。区位也还行，虽然离漂亮的团还有点距离。,2,1.7,htl
还行吧，不算失望，离地铁2号线要走500M左右，但在中环旁边，自己开车去比较方便。,2,1.7,htl
大堂不错，有四星的样子，房间的设施一般，感觉有点旧，卫生间细节不错，各种配套东西都不错，感觉还可以，有机会再去泰山还要入住。,2,1.3,htl
服务态度真好，让人觉得舒服。退房时被告知有件衣服忘在房间，我想回去拿，但他们坚持让服务员去帮我拿过来。进进出出酒店的人都会对你微笑，会弯腰点头打招呼。周边的环境我本人很喜欢，小城镇的感觉。就是有几点不足，一是楼层太低，好像只有4层，我们住一楼，感觉很奇怪。二是房间的隔音不好，老是听到窗户外面的人说话。别的酒店一般都有的士在前面等着，但是这里要走到外面去打车。,2,1.2,htl
酒店地理位置不错，交通非常便利，房间整体感觉还可以，只是浴室有些小。酒店提供的早餐不够丰富。酒店员工整体的服务意识不错，尤其是大堂经理，在安排订车时还特地送给我们一份当地地图，很细心周到。,2,0.9,htl
"6月和7月入住俩次豪华大床间,房间比较大,设施有点老了,环境不错，直接面对贺龙体育中心和摩天轮,早餐很一般,特别郁闷的是服务员，竟然在我们快要吃完的时候就打扫卫生,也不用差这么点时间吧,明显就是赶人啊",2,1.2,htl
行政豪华间有点偏贵，房间面积小了！服务总体还可以，就是房间清扫人员不太注意礼貌，有时候刚敲门马上就擅自进来！酒店位置不错！,2,0.9,htl
总体来说还不错，交通服务都还行，酒店有点年纪了，看上去档次不像四星的，大堂很旧，呵呵，性价比还凑合吧。,2,0.8,htl
定的商务大床房，房间偏小了，不过经济性酒店也就这样；环境一般，周围感觉蛮乱的，不过旁边有个易初莲花超市，买东西很方便；服务相对另2个经济型酒店算最好,2,1.2,htl
优点：1）和汽车站在一个院子内，出行便利2）斜对面就是大排挡一条街，各种小吃和水果一应俱全缺点：服务员态度一般，服务水平有待提高,2,1.2,htl
太一般了网络慢的跟蜗牛一个等级还高速呢真晕补充点评2008年4月2日：也没早餐点评,2,0.8,htl
感觉一般，性价比不太高!checkout比较慢，希望改进,2,0.8,htl
酒店还可以，房内有电脑，数字电视。早餐一般啦。隔音效果比较差，下面是商业街，不太安静。,2,1.3,htl
酒店门口时条单行道，外出有些不方便！其他还行,2,0.8,htl
房间还可以，服务看得出是力求达到好，但总是差一点。不过这个特惠价的房间感觉还是不错的。有免费洗衣粉提供，这是第一次见到，看来客房部下功夫了。建议领导者多出去看看同类型的酒店设施会有很多启发。浴缸下水很慢，淋浴超过十分钟就要考虑停水等待它慢慢流走，如果一味痛快洗澡就意味着脚脖子被泡沫淹掉。赶紧改善吧～,2,0.9,htl
"还可以,不过第一次入住的时候没有送水果,这次送了,不过第二天把我第一天存的水果换了,虽然房务中心帮我换了两个苹果,不过一个坏的,不过总体还可以,听说马上要涨价了,因为听说评上了四星级,哎",2,0.9,htl
管机场接送，住起来总体不错，适合一般的客人，是那种大体不会出什么问题的酒店。,2,0.8,htl
"整体尚可.优点很多就不说了.单就缺点罗列如下,望改进:1,房内夜间有异响.象是水滴或是气流的声音.2,宽带要服务台开通才可使用.开始不明白,耽误了好多事.3,被子感觉很不好,不透气,象一层塑料罩着一样,很难受(个人感受).4,落地灯插座没电.只好趴在桌下找桌后的插座.5,卫生间隔音不是一般的差.",2,0.8,htl
价格适中，总体感觉还可以。地理位置上稍微难找一点（因为不是靠大路边），但离商业街北京路很近，酒店门外就有一条小食街。,2,0.9,htl
性价比较高。服务态度也还行。房间小点。比较难能可贵的是，在火车站附近的宾馆晚上居然都没有骚扰电话！值得表扬！早餐相对简单，一般话。,2,0.8,htl
五一住了这里，作为三星级硬件还可以。前台经理赞一个，我们一行在隔壁吃饭，发票中了奖，但饭馆就是不肯帮我们兑，态度也很无理。我们将此事说与宾馆，前台张颖经理说帮我们处理，并为我们邮回北京，虽然钱还没收到，但是我们心里很愉快，毕竟这种专业的责任意识与服务意识，在中华大地是值得提倡的。,2,0.9,htl
"酒店设施及服务质量一般,交通情况比较方便,较适合中等收入家庭旅游选择",2,0.8,htl
位置一般，服务不错，价格偏高，周围环境比较吵，晚上不容易入睡。,2,0.8,htl
地理位置不错，但是设施已经非常陈旧了。其他的也还可以。看见上面有人说可以免费打长途，可我打了两个市话，结账时还收了我2元的市话费。,2,0.9,htl
总体感觉还不错，绝对不至于影响到旅游的心情。住的是后面的小楼的一楼，环境不错，花园一样，游泳池是露天的，能够看到一直有人在清洁。如果晚上阳台的窗户不关，前台会打电话到房间提醒客人注意安全。补充点评2007年9月20日：另外，去的时候提前联系会有接机，我们返回的时候由于有老人，所以和客房部联系了一下，也安排了车送我们去机场的。不足的是房间设施比较一般，早餐很素。,2,0.8,htl
这个宾馆比较陈旧了，特价的房间也很一般。总体来说一般,2,0.8,htl
"我住的158的房,觉得还可以,房间正对酒店大门口的马路,隔音还可以,不吵.卫生间也不是太少,就是设计不太合理,洗澡的龙头力道太大,水打在身上都疼.综合来说还可以.",2,0.9,htl
比较旧了，但整体感觉还行。服务也还可以。,2,1.7,htl
我选择的是大床房，（刚装修不久吧，屋里还存有一股装修的味道）；屋内设施跟单身公寓一个样，还不错。床也比较舒服，但可能是我皮肤比较小气吧，感觉床上用品有点偏硬；还有大床房跟编外房间一样，都出了安全门了：（（据服务员介绍大床房每层只有两间，另一间临街比较吵）不过幸好门口有个阳台，感觉孤立了，但还是有一个小空间。总的来说性价比还行！,2,1.2,htl
选择珠江花园的原因就是方便，有电动扶梯直接到达海边，周围餐馆、食廊、商场、超市、摊位一应俱全。酒店装修一般，但还算整洁。泳池在大堂的屋顶，因此很小，不过女儿倒是喜欢。包的早餐是西式的，还算丰富。服务吗，一般,2,1.2,htl
酒店环境还可以，距离公交车站比较近，出行方便。一般的服务员很和气会主动向你问好，倒是看着象管理人员的从不见打招呼。比较郁闷的是，有一天服务员因为拿走了一筒快过期的冰箱里的饮料，没有交接清楚，下一班的人员误会是我们喝掉了。还有我预定的4天的房，结果到第三天上午房卡就被停掉了，害我从沙滩返回时只好先到大厅重新办理。早餐去的比较晚时感觉他们餐桌收拾的很慢，好像服务员不够用似的，看着将近7、8个没人坐的桌子却都有一摞待收拾的餐盘，没办法告诉服务员后半天才来收拾,2,1.7,htl
住的是680元一晚的标准间，我与老婆都住的很开心。我们这趟从兰州去嘉峪关再来到敦煌，只有这家的服务达到4、5星级酒店水平，很亲切，也很主动。从房间能看见鸣沙山，景观一流。餐厅食物一般。自助早餐是中式为主，比较一般。零点早餐（也已含）是在酒店的天台餐厅用餐，是西式为主，我们没时间享用，可能会好些，不过我们曾经在这餐厅的露天范围喝酒，晚上看着头顶亮的想去了大漠的星星，感觉非常不错。酒店算是在郊区，但其实就离市区3公里，离夜市4-5公里而已，可是一般很少出租车经过。倒是有辆3路公交车在酒店门口有站，每5分钟一趟，10分钟就到市区，所以也不是很不方便。补充点评2008年8月8日：上网速度就比较差，不过免费的，就没太多要求。,2,1.2,htl
酒店环境不错，比较有特点，附楼比较一般。没怎么用服务员，感觉服务中上吧。,2,0.8,htl
总的来说还算可以，我在15楼住着，洗澡的水压有些小。其他还可以。就是离龙门石窟有些远，17公里左右。宽带的速度不错。,2,0.9,htl
"总体服务不错,就是房间隔音太差,走廊里的声音就像是在房间里一样,早餐也还可以",2,0.9,htl
还算马马虎虎的的3星宾馆吗，地理位置还可以，和广场很近。可是周边环境太差，很吵。而且门口没有出租车，外出很不方便。,2,1.3,htl
酒店的服务不错，我去是预定的豪华大床间，后来因为没有我预定的房间类型，自动给我升级到商务套房。这点还是让人比较舒服。另外早餐现在也还可以。就是因为距离机场比较不远，飞机的噪音比较大。宾馆反馈2008年3月14日：尊敬的客人，您好，非常感谢您对厦门丽轩酒店的服务及早餐的认可，对于酒店的软件服务，我们一直在改进。另外噪音问题，酒店于2007年5月份经过重新装修，很大程度上解决了噪音问题。欢迎您的下次光临！,2,0.9,htl
地理位置还行，就在县城中心，出行比较方便。而且下面临河，风景也还说得过去。但因为是老酒店了，设备当然很一般。而早餐就惨不忍睹了――居然只有8样，一点不像是三星标准提供的早餐！另外，可能会要求你10点前退房，而不是12点！,2,1.2,htl
成熟型酒店，房间、服务都还不错，商务房间，配液晶屏电脑，上网速度也很快。特别是没有一般经济型酒店的隔音差的问题。位置属于市中心，去各个地方都不远。不足：一出电梯，有一股怪味，是夏天潮气？好在房间里面没有。早餐地点太挤，品种一般。总的来讲，浙江饭店还不错，房间价格稍贵。如果便宜100元，就很有竞争力了。,2,0.8,htl
这次到南京才知道原来这家酒店是名古屋和南京合作的一家酒店，名字就取的这两个城市的各一个字，怪不得有点怪怪的感觉，属于比较早期的一家五星级酒店。管理比较完善，表现在checkin/out，服务，电梯的速度等等方面。唯一就是门口叫出租车不太容易，门口也太过朴实无华。总体还是一家中规中矩的五星级酒店。,2,1.2,htl
住的是大床房，和先前筒子们介绍的情况差不多，会免费升级一下房间，有两瓶免费的可乐送。对该酒店服务总体评价也就中规中矩四个字吧，不过，的确评到五星是有点过头了。四星差不多了。当然，性价比而言，还算可以，毕竟花的不是标准五星的价。对该店算是有意见的话，那就是实在老了点，虽然看得出花过点功夫重新装修，但偶还是不够喜欢。另外，早餐也算基本满意吧，品种数量还可以，味道soso啦。软件方面还可以，要地图有免费地图送上门，草鞋托也算有点小意思，基本功还算到位。,2,1.7,htl
中餐厅绝对不是五星：晚8点多时去的2楼中餐厅，没什么人用餐，餐厅环境犹如一般小店，餐具也很一般，桌上没有餐巾纸，没有牙签。上菜也慢。,2,0.8,htl
我住的是商务套房，650的价格性价比不高，感觉房间的配置上不了那个档次，厅里的沙发还是藤椅。。。大概想彰显一些热带风格？感觉不好。。。酒店大堂和内部的环境还可以吧，人员的服务也OK，如果房价能降个50-100元，比较合适。。。。。。还有。。门口的路正在修，一路走来还以为地震。。。汗。。。。心理阴影PS，有点好奇。。。白云山庄四个字竟然是出自毛主席之手？！！！想知道典故。。。宾馆反馈2008年6月18日：首先感谢您对酒店提供的宝贵意见。根据您的喜好我们已经给你专门设立了个性化档案，下次您来入住时我们不会再安排有藤椅沙发的商务套房，门口的市政施工只是暂时的，因为我们新昌正在评文明城市，而我们这边是示范性一条街，由此给您带来的不便在此表示谦意，并真诚的期待您的再次光临！山庄大门口的白云山庄四个字是从众多毛体中摘录下来的，而并非毛主席本人所题。,2,0.9,htl
海景不错，属于在威海最好的吧。服务也还可以，但也没留下特深刻的印象。房间内的设施还不错，只是七成新吧，跟蓝天酒店比还差些。早餐我觉得不比三十八的好多少，可是却要六十八元。房间的隔音很差，我隔壁入住了几个人，开始唱歌，后来打牌，我听得很清楚。,2,0.9,htl
"该酒店住宿环境一般,房间装修一般,交通应该还是很方便吧宾馆反馈2008年1月2日：感谢您的入住及点评！我们还有06年新装的特色标准间，房间状态基本为四星级标准，欢迎您再次试住！",2,0.8,htl
在衢州能住到这样的酒店算是很不错了，房间液晶电视，窗口看出去是条小河，还送了水果，算是很不错的啦，就是周围环境一般，没什么可以逛的...,2,1.2,htl
酒店是比较老的四星，设施都比较陈旧，房间也很小，健康秤还是坏的，总体感觉一般，但价格还是按照新四星来的，所以感觉不是很值。,2,0.8,htl
房间大小合适，装修比较旧。周边环境较好，离白鹭洲很近，步行只要几分钟，晚上散步不错。泳池是室外的，更衣室设施一般。房间的烟味较大。,2,0.8,htl
很一般的四星级酒店.环境不错.房间实在不怎么样.服务还行.,2,0.8,htl
服务态度比较好，愿意听取客户所提出意见，290元的房间设施还可以，房间空间稍微小了些，早餐比较一般，按道理4星级应该会好些，别的4星级也住过，,2,1.3,htl
"日本人真的是超多,老酒店房间布局还可以，就是地毯怪味太多,房间空气不太好，窗户不好打开。服务还行，交通方便，去火车站、快轨、景点都很方便，就是在火车站旁边环境比较乱。房间价格稍贵，基本上还比较有竞争力。",2,1.7,htl
房间设施比较陈旧，空调声音也比较大游泳池对高级房的住客收费，而且和外面收费一样高，觉得难以接受游泳池水太深跟里面的服务员说了也没人理早餐一般,2,0.8,htl
时隔一周再次入住，这次定的是商务大床房，好像原先的豪华大床房订不到，商务房里多了传真机，浴室里多了浴缸并且墙上开了一面大窗，房间却看来小了，价格高了100元还可以接受，不过我还是觉得豪华间实用且房间地方宽敞些。这次入住房间里有水果送，不知是不是商务间的缘故。酒店住得还是很舒服，细节之处仍需改进，比如浴室和房间之间墙上的大窗，玻璃很漂亮，但可否考虑加装百叶窗帘，不然房间里有访客就不方便用洗手间了。这次餐厅到了晚上8点没有熄灯，好像还在继续营业，不知是不是上次提的意见起了作用，如是应该赞一个。酒店原来有地下停车场，这次我的车停在地下，虽然上下楼复杂些，不过停车有了宽敞的地方，管车库的老伯挺负责，感觉不错。,2,0.9,htl
很一般的酒店，因为定不到赣电了勉强入住下吧,2,1.3,htl
酒店在开发区口上，正好是出差在开发区办事。所以感觉很方便。房间的暖气开的很足，所以-15度的气温也不感觉冷。房间质量还可以，开发区有这样的酒店很满足了。就是早餐质量有待改善，便宜是便宜，但是实在是没什么可以吃的。,2,0.9,htl
环境十分棒，住着感到特别安全。本人住的是主楼28204房，客房服务人员和前台小姐、门童的态度都十分好。美中不足之处是早餐一般，有时客人没有吃完，早餐部的服务人员就自己坐下来吃了，需要改进。此外，打的需要时间等待，因为实在是庭院深深，适合有车的朋友住。,2,0.8,htl
08年4月初住过一夜。总体感觉不错，特别是对着钟山的那一面，隔壁是南京博物馆，也有许多好东西看。就是楼下什么淮扬菜的餐厅贵了点，菜也一般。还想说一句，就是来了几次南京，感觉都是那么好！补充点评2008年4月27日：记得说下缺点，就是上网要钱！作为五星级酒店，没必要那么小气吧？,2,1.2,htl
所谓山景房，就是非海景房而已，没有什么山景可言，海景房确实有景，有条件尽量选。只是这种房的窗帘边上拉不严，早上光线进来如同亮着灯一般，可能引发早醒。另外窗外隔音不佳，如果风大则呼呼响得明显，这想必也必不了了。,2,1.2,htl
"总体还行，在景区边,环境和空气都是不错的，不过我们去的时候还在改建(好象去年就的扩建了，怎么这么长时间啊)，环境就打了折扣了。我们住的丽景楼三楼顶头好象是319室，窗口对的不知是什么机房，有嗡嗡声，影响休息，与服务台反映后换了房间。餐厅菜的品种少，味道一般。等改建好了后，应该是个不错的住地。",2,1.2,htl
"春节酒店特价,当即退了""如家"",转投喜来登.高级房只有三星级标准,太小了.换了豪华间,才有点五星的样子.不知道五星的客房标准是怎么设定的.床和床上用品是""喜来登""的特色,羽绒枕还是那么舒服!!服务上,这家有点逊色,特别是行李员,我背个大包也不接接手;前台还行,换房很有效率.看在特价的份上,不计较了.要是平时价,不值的.",2,0.8,htl
客房、前台服务还可以，就是收银方面存在问题，我有一点电话费，同她说半天，还是这样开不能那样不能，最后全部以房费名义开，给她自己方便，不给我方便。另外早上8点多走廊上吸尘气开始叫了，吵闹得很，想晚点醒好难。有时还要受服务员敲门打扫卫生困扰，这不该是一家四星酒店应该有的服务吧。总体可以，下次去可能会选。,2,0.9,htl
总的感觉还可以，很安静，房间也好。靠近民族村和海埂公园，晚上可以去滇池边坐坐，听听潮汐，非常的享受。唯一不好的就是晚上打车出去不方便，不过前台也有准备，可以帮你叫出租车，提前说一声就行。,2,0.9,htl
酒店有南欧风：小白门，乳黄墙，铁艺壁灯，藤家具，浴室的百叶门打开可以看见阳台外的风景。风习习的吹动通往露台的白色窗帘，简直是《情书》的翻版。灯光空调都是自动感应式的，很先进。淡季去，人很少。2000余平的的温泉游泳池里几乎每什么人。泡在温泉敷着面膜也不怕吓到其他人。只是房间里有挥之不去的气味，大概也是不常有人来加之潮湿的关系吧。早餐一般。,2,1.2,htl
我原本想订卫兰轩或是湾景国际宾馆的，但是都没房了，所以才选了珀丽的。还好没有让我失望。我订的时候也只有豪华客房了，HKD791/天的价格在香港还算是比较便宜的了，我和JF住了两天。酒店没有那么难找，虽然在铜锣湾我们问了几个香港人，他们都不知道珀丽酒店，还好从铜锣湾地铁站的F出口出来，我就望到酒店高楼上的LOGO了，所以找酒店没有花很多功夫。不过酒店周围有很多天桥，JF着拖行李箱爬台阶可累坏了。酒店态度还可以，香港人都很有礼貌的，前台办理的速度也不慢。前台说我们去的这几天正遇上香港某展会，所以豪华客房都住满了，免费给我们升级到行政房----真是很划算！房间在30楼，风景不错，可以看到海景和山。旁边的居民楼都很高，若不是我们的房间升级到28楼以上的行政房的话，这么好的景色就都被居民楼挡住了。房间确实很小，我是大床房，房间里放了一张大床后就放不下其它东西了。不过设备较齐全，电视机是液晶的。80元的自助餐还是比较贵，而且订了就不能退的，就是不吃也是要扣钱的。如果出去吃早茶，二个人一共才八九十元。酒店位置还是可以的，闹中取静，步行到铜锣湾SOGO和时代广场所在的最热闹的商业区也不到十分钟。坐公交车、坐地铁都很方便。要提醒大家的是，酒店入住要付押金的，而且付押金不能用银联信用卡（但结账时可以用银联），只能用VISA或万事达卡。我们是用港币付的押金，住两天付了3000元的押金。总的来说还是可以的，不过跟内地的酒店相比，应该不够四星的标准，如果价格能再便宜点，下次我还会考虑选择该酒店入住的。,2,0.9,htl
"热水系统及浴室排水系统比较糟糕,水冷热很难调节,不是太冷就是过烫,洗完澡浴室就是一地的水.其他还可以,地理位置很不错,相对房价比较吸引人",2,0.9,htl
"我住的豪华房,被子太厚,晚上睡觉超热,前台小姐服务态度一般,没见到笑脸.宾馆服务较好.",2,0.8,htl
一切还行，就是对通过网络预订的房间为什么就不能灵活一点，半天房都是合情合理的啊，尤其是换住连锁酒店更应该提供方便。,2,1.2,htl
位置不错，上海徐家汇中心地带，性价比一般，房间比较大,2,0.8,htl
各方面都一般，只要期望值不太高就还可以。,2,1.3,htl
设施陈旧，感觉不想05年装修过的样子。卫生间也较一般。不过三星也就这样了。床太短，我不算很高吧。稍微往下躺了些脚居然悬空在床外。床头柜有个小收音机很有特色，商务房有电脑，网速也很不错。我住的是靠角落的房间感觉噪音不算很大。,2,1.2,htl
非常一般，没啥竞争力~弄了个有电脑的商务大床房，呵呵，白白多交209元，和没打折一样~还是比较安静的~其他就很一般了，电视机狂小，估计21寸的，我都看不清电视里放啥~可怜啊~宾馆反馈2008年7月9日：目前我们已经向公司申请更换电视机。为了方便客人，我们增加了部分电脑房间，收费为：20元。,2,0.8,htl
酒店的房型比较有限，不过商务标准间还是不错的，设施服务还算到位的，不过这次入住的房间是最边上的房间，房间的温度比较低，保温性较差，自助式的早餐和午餐口味还可以，价位适中，这个酒店不缺的就是客源虽然位置偏僻，出租车比较少，但去开发区办事是最方便的了。,2,0.9,htl
"这是物有所值的三星级酒店,设施齐全包括洗浴间小毛巾/吹风机等,房屋装修新.服务态度好如前台微笑服务好.位于市中心但是临街道而喧闹,房间隔音效果不好.早餐一般.补充点评2007年9月4日：房屋价格适中,但是协程预定没有价格优势,该酒店前台价格与协程一样.",2,1.2,htl
五月底入住的该宾馆，对于三星来说还是可以的，价钱不贵，可能它的位置不是繁华地吧。就是前台的收款的服务员态度挺差的，房间不错，可能是从携程订的原因，一般安排的房间位置都还是不错的。,2,1.2,htl
"服务:整体勉强有4星级水平问题:硬件水平偏低,房间隔音效果差,门薄墙薄,结账时间偏长,早餐质量偏低,不过在该地段,也没有比这家更好地宾馆供选择.",2,0.9,htl
"还可以,促销399,价钱不错.不过酒店躲在新工房后面,确实是一个疮疤",2,0.9,htl
其他还好，就是早餐一般。酒店设施没有其他城市的喜来登出色。宾馆反馈2008年8月8日：感谢您选择下榻本酒店！最近本酒店新上任的新加坡籍行政主厨，正在根据客人的反馈对菜肴进行改进，同时近期也有不少新的餐饮促销推广活动，相信下一次的体验肯定不会让您失望。欢迎您再次入住，衷心祝您身体健康，工作顺利!,2,1.2,htl
虽然换了招牌，基本属于换汤不换药．下次应该不会再住了，性价比一般般啦宾馆反馈2008年8月8日：感谢您对本酒店的支持！最近酒店有新的客房周末促销推出，我们将一如既往地保持5星级的服务标准，欢迎您再次下榻，衷心祝您身体健康，工作顺利!,2,0.8,htl
因为之前查看了携程的点评，所以对这家酒店的期望值并不高。但入住以后总体来说感觉还可以，虽说照五星级还有差距，但在吉林应该可以接受。酒店周围好像没什么合适的饭店，最后还是在酒店吃了巴西烤肉自助，比其他地方贵些88元/位，水平一般。还有一个就是卫生间确实小。,2,1.7,htl
酒店地理位置：4分，地理位置一般，离火车站文殊院较近，出租车相对比较好叫，大约等5分钟左右。酒店环境：5分，很有味道的芙蓉文化主题酒店，很有特色，个人很喜欢，就是作为4星级酒店来说服务态度稍微差了一点。,2,1.2,htl
还不错，就是比较难找，因为长宁路太长了。打车的话，司机一般也找不到，浪费了很多时间。,2,1.2,htl
于四月下旬入住行政楼套房三天原则上大致还算满意，但仍有以下看法一、或许装修较久走道与厨房有些许霉味，厨房设备也较久有严重泛黄二、电梯与住户共用仅两台有时要等较久时间三、从电梯到前台需经过一个六阶左右之小楼梯有些许不方便四、居住上是还算方便对面不远就是吉之岛五、如果能提供简易锅具，中我想更能符合套昂设备之定义宾馆反馈2008年5月16日：感谢您选择入住万事达酒店及给予酒店宝贵的建议。酒店现有简易厨具提供，由于数量有限，一般在客人需要的情况下免费提供锅具、餐具给客人使用。希望您的再次选择入住万事达酒店。,2,1.2,htl
"订了一个房间,住了三天,档次一般,但性价比还算值得.",2,1.2,htl
连着住了两次燕山，感觉整体环境还可以，只是房间里的配置比其他城市的四星宾馆差不少！竟然连吹风机都没有！卫生间里分别有淋浴间和浴盆，这点设计比较善解人意！,2,0.9,htl
总体来说各项指标符合万豪的水准，况且遇上特价期，价格非常有吸引力，套房浴室的冲浪浴缸非常舒服，在外面玩了一天回来享受一下泡泡浴，既能缓解疲劳，还能滋润干燥的肌肤，当然泡泡浴露自带！地点稍微有点偏，打的有的司机不知道在哪，得告诉在航天桥才明白。游泳池不是在酒店内，是酒店借用旁边一个健身中心的，条件一般，开放时间倒是挺长的。房内大瓶的依云矿泉水只卖48，这个价格相比其他五星级酒店消费水平真的不贵哦！,2,0.8,htl
订的商务房，虽然很小装修陈旧，但是家具倒是很有古都特色，早餐一般，但却是25楼的旋转餐厅用餐，看楼下的牡丹广场很不错，可惜洛阳的天老是阴霾,2,1.2,htl
开始订的大房单人间，但去了酒店告诉我没有携程预订，我刚要打电话询问，又告诉我有了一间。去看，房间太小，小得刚好放一张床。于是退了又订了一个商务行政套间。套间还不错，房间大，设施还总凑合，但价格偏贵。总体感觉一般。,2,1.2,htl
"这次我入住的是该酒店的旧楼,总体感觉还可以,就是装修太旧了.酒店的位置不错,出门过马路就是华强北步行街,逛街方便.我入住的那天酒店生意清淡,可以看出跟深圳同类酒店相比,该酒店已经落伍了.",2,0.9,htl
"酒店环境还可以,就是办理入住手续很慢,帮朋友定的,说是房间可以.",2,0.9,htl
地点看上去不错，在北京西客站对面，但出行十分不便，周边没有地铁，门口出租车倒是挺多，但就是不带你，除非你上去就跑一百元以上，如果只是起步价，一边凉快去，他说他有事，要不就是马上回家吃饭不顺路。周边环境很差，一天到晚人如潮涌，附近超市、商场的东西赚的都是过路客的钱，价格狂贵。好在四周饭店挺多，肯德基、永和豆浆，加州牛肉面等一应俱全，还算方便。酒店服务不行，携程订的房间，注明上午8点左右入住，但一直没有空房，等到下午一点才入住，还是个残疾人专用房，房间还行，挺大，可以免费宽带上网。结帐时，前台都是实习生，业务不熟练，速度不快，差点误了火车。另外，我一同事先行离店，竟然多刷四千元，等人走后，酒店发现差错，态度还不错，联系上本人退还差价。,2,1.2,htl
周围环境有些乱，但是很热闹吃饭的地方也比较多。房间还可以。,2,0.9,htl
"不错的酒店,据说比重新装修前好很多.可惜酒店隔音很差,正好遇上那天有几个无赖没拿到房间一直闹,给安排了工作人员房后半夜还在闹,很烦人.虽然不关酒店的事,可是却凸现了隔音问题.服务就一般,",2,1.2,htl
7月23日-26日住了三晚，338的大床房，床是2米*2米的，超爽，其它房间内设施一般，稍微陈旧了一点，不过影响不大，跟破旧还差得远！整体感觉这个价位还基本可以，不过要是跟酒店四星的牌子比，最多也就是三星标准而已！有一个问题请酒店方注意，不知道我这个是个案还是普遍现象――房间里的电话竟然不能用，连市话都要收费，而且还要交押金后才开通，这点来讲是我在酒店里头一次遇见，确实有点夸张。既然开通，干脆把电话撤了算了，免得看着碍眼。宾馆反馈2008年8月11日：感谢您选择入住我们宾馆及为我们提出的宝贵意见。对您提出的意见我们也将及时做出整改。我们已向领导反映领导也及时做出批示，以后入住商务房型的客人市内电话一律免费。希望您下次还能选择入住我们宾馆，再给我们提出更多宝贵的意见，只有这样我们宾馆才会不断提升。最后，再次感谢您！,2,1.2,htl
酒店旁边的那条湖滨中路景色特别的美，出差一般选择这里住，如果酒店能考虑再次装修会更好。,2,0.8,htl
这个酒店设施还可以，早餐也还可以，位于的路段也很方便。我们住的是商务电脑房，房间里配有电脑，上网速度也很快。就是房间很小，电脑台与床很近，打电脑的时候连走路也不能走。浴室是透明，适合情侣和夫妻~~。,2,0.9,htl
还行。因为是帮朋友订的，没有听说有啥不好的。总体感觉还可以的,2,1.3,htl
酒店的硬件和软件设施都可以．交通也方便．二楼的餐厅挺好吃的，不过价格不便宜．早餐也还还可以．,2,0.9,htl
"整体服务还不错,但被单第二天没换新的,是美中不足,价钱还可以",2,0.9,htl
还可以，我住的标间368元，卫生间很大，设施比较齐全，热水器有的，床虽然不是大床但是软硬刚好合适，睡了个好觉。但有按摩小姐打骚扰电话，不过也属正常。,2,0.9,htl
"在金桥开发区/碧云小区附近,走外环去浦东机场很方便.携程的价格很高,房间有点小,早餐很一般.",2,0.8,htl
酒店靠近火车站，交通还算方便。软件方面酒店人员的服务态度不错，任何事情都及时回复。硬件方面优点是房间比较宽敞，设施还可以，洗澡水也非常大，这一点很舒服。唯一的缺点就是卫生间稍微小了点。总体来件性价比不错的一家酒店，以后还会入住。,2,0.9,htl
还行宾馆的设施还是比较全的，服务也比较好，只是我住的那个房间看不到西湖，５５５５５５５５,2,1.2,htl
据说是当地最好的酒店，价格比较贵，房间很小，楼层不高，但是比较大，到房间的距离有点远，服务比较一般，早餐厅装修的比较有特色，早餐还可以。酒店标称是五星级，但是房间条件和服务达不到五星的水准，除了checkin的时候主动递上一块热毛巾比较有特色。,2,1.7,htl
总体感觉还可以，就是觉得性价比不是很高！如果价格可以再低点就不错了。,2,0.9,htl
"房间很小，其他到还可以。虽然名字包含了假日，花园，但是和holidayinn,gardenhotel都不是一家。房间很小，几乎像一个小卖部：几乎所有东西都是收费的，小心。早餐很简单，很简单。总之，和大部分北京饭店的感觉一样，没什么特别的。",2,1.7,htl
1、内装修还不错，看起来很有特色。2、卫生也还可以，只是房间小了点。3、最重要的是各个房间不隔音，隔壁咳嗽都能听见，太可怕了。,2,0.9,htl
"地理位置不,服务态度一般,房了,体普普通通",2,0.8,htl
房间还可以网络也不错夜总会生意也不错只有一点这次交押金时候是刷我的信用卡预授权结帐是用现金结算的结果预授权的金额没有给我刷回来等收到账单才知道那部分信用额度被冻结了宾馆反馈2008年6月27日：感谢您的点评。有关信用卡预授权这件事真的很抱歉，是我们的服务没有做到位，没能在您离店时及时帮您取消预授权以至于带来了很多的不便，望请谅解，但您请放心，一个月后，预授权会自动解除。真诚的希望您能给我们再次为您服务的机会。,2,0.9,htl
第二次入住，感觉还行。但3个老外都反映床太硬。另外外面正在施工，机器声音很吵，在我们的要求下给换了房间。早餐和自助晚餐都一般。如果嫌5星酒店的价格太贵的话，可以考虑中油。,2,1.2,htl
酒店周边环境一般，酒店内设施不错，感觉还挺新，价格也尚可接受。,2,0.8,htl
我5月30日入住，6月1日退房，但比较离谱的是当我5月31日外出办事时，回来竟发现房间已经checkout，当时我极其郁闷，酒店也很纳闷，幸好房间我没有放任何私人物品。还好，酒店的应急方案不错，并送了一份水果致歉，最好告诉我说是新来员工摆乌龙，这个理由有点勉强。,2,0.9,htl
并没有所说的色情电话，服务态度还行。我很晚才到达酒店，然后想吃饭，酒店的餐点时间已经结束。然后我让服务员帮我买吃的，3菜1汤和1盒饭竟然要了我120。贵是贵，不过忍了，只是住一宿而已。希望服务员改进职业道德，不要乱砸人。,2,1.2,htl
接机服务不错，就是携程不含早餐不好，488的房间感觉也还可以。总体4分,2,0.9,htl
定了高级湖景房，前台给了最高的23层。房间非常舒服，而且早餐也很丰盛。只是看出去的白鹭洲公园景色一般。可能住标准客房更实惠些。,2,0.8,htl
环境还可以，房间不大但也不是太小，够住了。写字桌前的落地灯离得太近了，每次移椅子都会碰到，另外有一点就是隔音效果不好，夜间车子路过的声音有点吵，其它的还行。,2,1.7,htl
"这是我经常住的酒店,主要原因是请我的客户来南京的,距离我公司很近,酒店本身还可以,价格涨了,但是酒店门脸不显著,不像是4星酒店.如果可以,加一点钱,就可以住中心大酒店了,很气派.距离国信200米",2,0.9,htl
元旦时候入住的，一直没时间评价，房间很大，就是床单很硬，胳膊和背上都磨的很痛，不过住的还可以，希望把床单换掉,2,0.9,htl
"还可以的酒店,大大的玻璃窗户,可以坐在窗台品着红酒,看市景看星星.房间设施稍显陈旧,不过可以再住.距离大型超市很近,红酒就是在那里买的,呵呵.",2,0.9,htl
中规中矩的五星级酒店，但酒店双人房床较小，其他还可以，毕竟也是连锁酒店。另外，酒店的大堂确实有些气势！,2,1.7,htl
总体还可以，早餐很丰富，我一般吃过早饭连午饭都不用吃了。没有像其他人说的那些问题，不过最不能忍受的是房间的味道真的是难闻，应该是中水的味道吧，我几乎是天天开窗。,2,1.7,htl
挂五星实在有些牵强。卫生间太小，还不如呼市国航四星的大，房间暖风给的太早，又没有冷风和换气，热的人实在难受，只得开着窗，开窗又太吵。早晨赶飞机结帐，必须等服务员查房，简直就是三星级服务，呼市的国航四星都不查房了，十几位客人在大厅里等，大家都很奇怪：这样的房间有什么可拿的？不知道他们查什么。唯一还行的就是410一天房价了，但当地人还是说太贵，等香格里拉开业，这里也就250了。,2,1.2,htl
应该算是仪征最好的酒店了，四星的设施，三星的服务。遗憾的是某些设施还并未开放。早餐很一般，连收盘子的服务员也没有，与其四星的标准不符。,2,0.8,htl
"房间以及环境都不错，用房卡到四楼的五指生足部保健还可以打折。就是退房时速度有点慢！免费注册网站导航宾馆索引服务说明关于携程诚聘英才代理合作广告业务联系我们Copyright1999-2008,ctrip.com.allrightsreserved.",2,0.9,htl
外观较旧，早餐一般，免费升级到豪华房，感觉还不错，热水很慢，要放很久才有。前台结账用的信用卡，不知为何至今收不到信用卡的付费信息，似有问题。,2,0.8,htl
"酒店离市中心公共交通不是很方便,打的一般在11-12元。酒店的早餐很丰富，考虑的很周到。有粥、面条、蛋糕等等，牛奶是鲜奶。",2,0.8,htl
房间一般，商务大床房间和浴室之间用玻璃墙隔开，装修还应该算是四星级酒店，电视机比较小而且国外的卫星频道只有CNN和BS2，停车场免费,2,0.8,htl
网上定了个行政标间，还用信用卡担保的，到了后却被告知有客人没退房，改成了一般套间。但酒店还算可以，提供了免费上网和两个免费早餐。,2,1.2,htl
整个酒店比较老款，不过酒店的客房设计非常摩登洁净，除了面积比较小（不管是行政楼层还是一般楼层，似乎都是一样的大小），其他均满意。,2,1.2,htl
环境还不错，服务也还可以。环境比隔壁香格里拉也差不多，但是就便宜了许多。想游泳，但是被告知泳池在装修不开放，比较郁闷。前台小姐们比较吝啬自己的笑容。一次乘马自达到达的，门口没受到什么服务；一次乘进口奥迪到达的，就有人帮搬行李下车了。没人帮送行李去房间，估计看我们是中国人，没小费吧。难道要我去学两句日文？可是我不想学啊。在二楼西餐厅吃饭和一楼大堂吧喝茶的时候，看到里面很多打扮妖艳说话口音各不同的女孩子，希望我是猜错了……如果我没猜错，和她们在一个地方吃饭不太舒服。,2,0.9,htl
房间不算大，中规中矩。北方的服务就真的不敢恭维了，CHECK-IN后都没有服务生帮你拿行李到房间去。周围都是酒店没啥逛的，自己吃早饭可以去万豪和喜来登之间那条路的永和豆浆店，很便宜。,2,0.8,htl
"酒店位置不错,房间设施太旧,早餐还好.总体感觉一般",2,0.8,htl
房间较为宽敞，服务一般，退房较慢，早餐尚可，但二楼中餐厅贵的离谱了，靠近01、02的房间经常会受到下面打保龄球的震动声，像是打雷一样。但总得来说在天津此价位带早餐及宽带的酒店，此酒店算是物美价廉了。此酒店可以推荐住。,2,1.2,htl
"硬件不错,商务酒店里面算是有特色的了。服务中等，前台不错，但房间服务一般般。价格比较贵，不过行政间大抵都这样子。位置有点偏不太好找，出租汽车司机有些找不到，说是万象城附近，但要绕进去",2,1.2,htl
"里面环境还行，那一片绿色还是很令人舒畅的，早餐较差。下一页>>免费注册网站导航宾馆索引服务说明关于携程诚聘英才代理合作广告业务联系我们Copyright1999-2008,ctrip.com.allrightsreserved.",2,0.8,htl
这年头居然宽带还要收费，发了2封邮件用掉80多元，有点想钱想疯的感觉。酒店房间一般，就这样子，交通还算便利。唯一好的是自助餐厅，去的时候真好半价，性价比较高总之，我不会住第2次,2,0.8,htl
在香港难得有那么大的房间，不过就是卫生间旧了一点。对于去香港血拼的人来说这是最好的选择，因为酒店就在海港城内，偌大的海港城逛一星期估计也难以逛全，逛累了还可以直接到酒店歇一歇,2,0.9,htl
房间环境还行，还有液晶电脑，晚上还有水果，就是周围购物要走点路，整体还行,2,0.8,htl
酒店设施很陈旧（预定时携程网是提醒过的），卫生也一般，与四星标准有些不般配；房间钥匙是查卡（芯片）式，由于用的时间长了，接触不良，经常开不开门，连服务员也要连试几次开行，很不方便。,2,0.8,htl
这个酒店非常不错，环境也还可以，价格一般，不算是最低的价格。,2,1.3,htl
房间还可以，床和枕头都蛮舒服的，就是靠马路有点吵。总的来说还可以吧，以后去还会继续住的。,2,0.9,htl
四月清明假期去的，早餐一般，停车场不够，晚上晚一点回去就要停到对面没人管的空地。,2,0.8,htl
环境一般，房间还可以！交通不是很方便，服务也是一般化！,2,1.3,htl
环球城大酒店整体来说还是比较满意哦！房间比较宽敞，有阳台，站在阳台吹吹风很舒服。价钱稍稍贵了些，早餐一般吧！我们住了二天，还好第二天早餐喜欢吃的鸡翼吃哈哈！打扫房间服务员态度挺好的，值得表扬。可是住在亚龙湾去海边很方便，可是去市区吃饭就稍远了些。补充点评2007年11月12日：入住酒店的人也不算太多，健身房是免费的，我们也去玩了一下哈哈！,2,0.8,htl
其实这个价格相对这个状况的酒店已经不便宜了（360元），这个季节，这个城市乱七八糟的。但是相对这个（4星）级别的，已经算是还可以了,2,0.9,htl
酒店背山面湖，地理位置优越，经营面积在当地算大，闹中有静，天然优势比较明显，看得出以往曾经有过一段辉煌的历史，但不知什么原因现在反而不舍得投入去做日常的维护和保养，各项设施比较破败，服务人员也少，服务质素一般，房费偏高，但就其地理位置的优越性而言，好象可替代的酒店不多，鉴于其地段和自然环境的优越性，所以下次去还是会选择入住。,2,1.2,htl
据说是秦皇岛还不错的饭店，但是感觉硬件设施一般。卫生间很旧，而且有异味。个人认为，整体来说，价钱偏高了。后来去了海边，认为那个假日酒店应该更好些。服务没有什么问题，但是也没有什么特别值得一提的地方。,2,1.2,htl
还不错的一家酒店，位置比价安静，房间也还不错，就是出门打车要走出一段距离。酒店商品部的服务很一般，态度极其冷淡，应该下岗。,2,1.2,htl
住在9楼，还能看到江景。不错。位置倒还一般。到机场30分钟，也不堵车，不过这个路程，在重庆却是不算近的了。就是结帐外卡不能用，与网上说的有点不符，也没什么明确的理由。,2,1.2,htl
"房间格局还可以,但是从4星级的酒店角度看，没有浴缸也不失为一美中不足",2,0.9,htl
位置挺好，标准间特宽敞，服务水平一般．若到星海广场玩一天并晚上观看剧场真人秀可选此店入住．,2,0.8,htl
"这家酒店我是到那里才预定的.认为CTRIP的价格没有竞争力.房间可以免费宽带上网.房间大小适中.给我印象最深的是针线包.里面有纸尺,迷你剪刀,十种颜色的线,两根针.早餐对五星来说品种不多.味道、服务、环境还不错.还可以免费使用保龄球1小时.而且不查房.只问一下使用过冰箱里的食品吗?前台也许太忙了,让我等了一段时间,但说了抱歉,久等.但是在走廊遇到的服务员招呼也不打,不太符合五星标准.",2,0.9,htl
当地最好的酒店！但是五星级酒店不是地方标准，所以在硬件一般的情况下，还得在服务上狠下功夫，向优秀的五星级饭店看齐。,2,1.2,htl
在株洲基本没有别的选择了，只能这家！总体房间还可以，但是吃早餐的地方太小了，非常拥挤，而且品种也很少！,2,0.9,htl
黄金地段，算是性价比比较高的吧，但是环境一般~~,2,0.8,htl
"哈哈哈哈.....居然还可以继续评论啊那就给满分了下次去了继续住忘记说了,有房内按摸的服务的可惜没时间去试了,下次去还会住的......",2,0.9,htl
贵宾楼的房间还比较有档次。但是大床间里，机顶盒的信号奇差！浴室里没有浴缸，拖鞋质量不好，床上用品业一般。国际饭店的环境还是不错的，闹中取静。,2,1.2,htl
酒店还可以，就是性价比不高，要是便宜点就好了。,2,0.9,htl
环境还行。服务质量不高～～前台接待员缺乏礼貌用语，行李没有服务员运送，也没有导行的服务员。进了酒店要自己做所有的事，包括找自己的房间。,2,0.8,htl
地点还凑合，离十字路口也就一个街区。房间比较陈旧，老式，唯一的亮点就是卫浴设备。最大的不满就是在入住的3天里光我在店的时间就停电3次，令人失望。补充点评2008年3月3日：对了，酒店提供的免费送到车站的服务十分贴心，还是比较满意的。不过这个价格在椒江还是高了，后来又去了一次住的园丁商务酒店就实惠很多。,2,1.2,htl
房间装修虽然旧点，但是格调还行。服务员不错，我那天忘记把衣服带走，过了好几天还能找到。,2,1.2,htl
总体服务不错，高级房装修还可以，隔音太差，空调声音吵。但总体尚可,2,0.9,htl
地理位置还不错，就是房间隔音比较差，性价比还可以了,2,0.9,htl
还算不错。要说是4星，设施还差点。不过，泰安酒店普遍不好，这个也算凑合了。,2,1.2,htl
客观地说，应该已经是石家庄最好的酒店了，各方面都还可以，房间稍微有点旧了，毛巾不是很白。不过下次还会选择,2,0.9,htl
"房间设施可以,但空间偏小,客房电梯很特别(没房卡上不去),很适合某些人使用(偷吃).....前台服务一般....",2,1.2,htl
"房间内饰尚新,服务也比较好.稍感不便的地方是坐电梯的时候必须插入门卡.(虽然目的是为了客人的安全)但是实际上给客人造成的不便估计更大.从楼层到地下停车场需要到一层转换电梯.还有值得注意的是部分房间内部有和隔壁房间的门.这种房间隔音效果差.一般隔壁看电视,干什么事情的声音都能听见.如遇到这样的房间建议换房.",2,1.2,htl
这家号称四星级房间装修一般一般不过地段好得不行离海边也近占地面积很大房子的格调就像蓬莱阁一样的灰瓦白墙五一期间的价格300/晚可以接受就是有一个特别不满意的地方在前台付的现金押金最后退房时居然告知不能刷卡消费也就是说付押金的时候选择预授权就可以刷卡消费付押金的时候付现金就不能刷卡消费这实在不符合这个星级标准有够死板建议即将入住的朋友们注意这点,2,1.2,htl
"总体评价一般或者还行吧,只是性价比有些偏高,服务还行,尤其是大堂的大河旅行社,早餐相对丰富,豪华间不值,除了面积大些,个人而言不比普通间好在哪里",2,1.7,htl
酒店设备，环境都还可以，就是早餐不怎么样。而且晚上有不明电话。女士接起来以后说是要不要足底按摩。希望可以改进。,2,0.9,htl
"交通比较方便.机场班车就在门口(回程在对面中山酒店),去西湖/黄龙等就在酒店正对面坐K16.酒店方面中规中矩,有一定性价比,服务有待加强.下次去还会选.宾馆反馈2008年8月12日：非常感谢您选择入住我们酒店。在今后的服务中我们会加强培训，为宾客提供细致、周到、全面、快捷的服务。再一次感谢您的宝贵意见！衷心期待您的再次光临！",2,0.8,htl
"很不错的酒店,服务和设施都中规中矩.好象宽带有点慢.",2,0.8,htl
"总体感觉不错.价格适中.用餐条件一般.酒店自己的餐厅不太好,隔壁的大连海鲜餐馆尚可,但不能在酒店客房签单,不是很方便.",2,1.2,htl
房间整体感觉不错，有家的感觉，但床比较小，而且给我们的房间阳台外面就是锅炉台，有一股味道。早餐一般，没有想象的好。酒店附近的环境不错，边上就是家乐福，购物吃饭都很方便。,2,1.2,htl
在上海少见的带游泳池的酒店公寓，周围的环境很不错，超市、饭店、酒吧等很多，不去市中心还是不错的。房间超大，装潢、设施一般。有厨房，但餐具等居然要租赁，似乎不甚合理。游泳池很小，不知何故水呈绿色（可能是瓷砖缘故），不如蓝色的游泳池舒服。早餐一般，不够丰富，早餐厅可以晒到太阳，蛮好。员工服务需要提高，至少应让客人感觉到亲切和微笑。,2,1.2,htl
总体还可以！但是网络太次了，对于商务出差的很受影响。公众网都很慢，别提公司的VPN帐户了，根本就是时断时续，而且只能收不能发！在大连头一次碰到这种事情！,2,0.9,htl
酒店地理位置还不错，离外滩、步行街都满近的。我住的是单间，不靠马路，以为会比较安静，哪知窗子外面是酒店内部的一个铁制楼梯，夜晚常有人走过，咣当直响，还有边走边唱歌的，受不了。除了前台小姐面无表情，其它都还行。,2,0.8,htl
"因这酒店不在市区,所以总体服务环境还可以,但二楼吃饭的餐厅有点贵了.",2,0.9,htl
服务还可以，价格不贵，周边交通还是比较方便，早餐一般，可选比较少,2,1.3,htl
房间还不错，挺大的，早餐一般。酒店周围环境还可以，吃饭比较方便，正如之前的客人所介绍的，酒店也不知道是该叫前面还是后面的，有几个饭店可以吃饭。也是赞同关于之前的点评中的意见，为什么不送饮用水啊，现在国内很少有酒店不送饮用水的,2,1.3,htl
"总体还行,只是让人觉得不像4星级酒店.设施及环境还是差了点.价格也偏高.不过房间还是很舒服的,面积也很大.点评者",2,1.2,htl
"湛江最好的酒店了,房间比较新,周围环境一般,总体的服务也不错.补充点评2008年7月6日：酒店的大堂非常大,也很漂亮",2,0.8,htl
"马马乎乎!能住.标准不要太高.在小街上,出门没法打车.还行!住吧!",2,0.8,htl
出租司机一般不知这个酒店，北京汽车大厂前的路牌太细，出租司机看不见走过头，应将路牌加大。房间还算不错，比较宽敞、乾净，提供的卫生用品还可以，但工作桌子上的桌灯没有充足光线，不能阅读，工作不方便。宽带速度还可以。枕头太僵硬而没有弹性，床相对较软并不配合。,2,1.7,htl
前两天去上海住在古北湾酒店。对酒店的服务感觉还可以。早餐也不错。房间设施稍微有点陈旧。不过对于短期出差来说还是比较合适的。酒店离虹桥机场很近，在国内转飞机的话有利用价值。离市区就比较远。总的来说根据出差目的和地方，古北湾是值得考虑使用的酒店。,2,0.9,htl
"住的是大床房,但是房间小的可怜,设施还行,楼下的路上小摊很多,都挺好吃的.酒店楼下是手机卖场,一大早就很吵,楼层高点话还可以忍受.",2,1.7,htl
"位置好,出门走5分钟是西湖.湖景房是大窗可以看到西湖.酒店服务一般.早餐品种少.宾馆反馈2008年8月11日：非常感谢您能选择入住我们饭店，您所提到的早餐问题，如果方便的话请进一步联系我们，我们将在今后的工作中逐步加以改进和提高。感谢您的点评，衷心期待您的下次光临!",2,0.8,htl
酒店比较老，设施一般，但是服务相当好，价格也比较合理。值得推荐。,2,1.2,htl
酒店位置不错房间一般但是早餐还是不错的餐厅比较好对得起价格下回应该还会住,2,1.2,htl
位置不错，购物方便，但是房间太小，同等价位在东莞这个地方没有竞争力，服务一般，前台都不懂得英文，酒店也不够大气。,2,1.2,htl
特别感谢工号0649的崔小姐（手机号136134462**），下次到太原出差一定要当面感谢她的。我是4月10号入住的，11号一早赶班机，把一条项链丢在了客房，直到回家都没有发现，还是崔小姐主动打电话和我核实，而且自己掏钱帮我寄了回来，并且多次去邮局帮我查询，这种精神太难得了。非常感谢！酒店门前确实有黑车，本来对酒店印象很一般的，但有这样的员工很让人感动。下次去太原一定还会入住的！,2,1.2,htl
第一次在宁海住酒店，印象最深的是服务好，无论在哪碰到服务生都会微笑地打招呼。住的是标房，房间挺大的，但床有点硬，不太舒服，早餐非常一般,2,1.2,htl
我感觉还行吧，至少洗衣服务挺快，硬件环境虽然一般，但是毕竟我是考虑离机场比较近，随便住一宿，第二天早上赶飞机，所以，其他一切也就无所谓了,2,1.7,htl
称作4星，有点牵强，不过酒店下面的朝鲜料理还可以，还有歌舞，的确不错。想感受一下朝鲜风格，还是可以一试的。,2,0.9,htl
1.8月入住的该度假村，环境确实如网上大家所述，不错，挺满意的。省道上的标牌也够大够明显的。2.入住时可能正遇上该度假村接待一个中行的什么活动吧。说是网上预订的风景房，结果给的房间只能看到浓密的树杈！（莫非这也是一种风景？）3.尽管服务员帮我们换了个树杈不是很浓密的房间，但离我预想的风景房好像还是有所差距的。最后给的解释是：要看风景最后还是到屋外去。晕！4.早餐尚属一般，但服务各方面都是不错的。尤其是停车场，还要求我们按其要求的一致方位停靠车辆，够可以的，赞一个！5.该村最大的优点就是，风景不错，有点世外桃源的感觉，尤其是还有室外游泳池和网球场。（尽管我没机会享用）,2,1.2,htl
出差过去，这店离开发区近，离机场也近，离市区太远，订了套房，外面刮风，呼呼的想，有点害怕，饭店设施还行，但生意冷清，没有多少人气，早饭比较差，基本没什么可吃的东西！,2,1.2,htl
相对比较旧，早餐吃的东西一般，很郁闷的是牛奶居然是奶粉冲的！！！！,2,0.8,htl
"在南阳来讲总体还行,毕竟可选择少少,总体性价比有些偏高些",2,0.8,htl
"住的是268的转角房.整个酒店的感觉还不错,在南阳已经不错了.可能是房间比较小的缘故,卫生间门不关的话,房间里会有一点气味.结帐的时候前台表示不能修改清单的内容,得去商务中心重新打印要花5块钱,这个比较不方便,其他酒店都可以免费改的.早餐很一般,不像4星级的.总的来说,还是推荐的.",2,0.8,htl
这是第二次入住了，因为出差需要，在安庆，确实也没有其他地方可住，酒店整体环境优雅，房间设施一般，不过卫生还可以，每次入住后，习惯检查一下床面是否整洁，近期出差，入住的酒店中，只有这一家未发现床上有残留的头发等异物。,2,1.7,htl
去开展会，住住还行。距离会展中心不是很远，交通也比较方便,2,0.8,htl
"房间条件一般般,但位置还不错,离火车站不算远.服务还可以,早餐不错.",2,1.7,htl
服务一般，环境还可以，位置相对偏僻一些，商务中心的刀子奇快无比。,2,1.3,htl
1、环境相对较安静，房间设施和整体效果很一般；2、早餐可吃的选择性不好，感觉东西倒是丰富、但可吃的比较少；3、房门的隔音效果不好（好象是很多酒店的通病）。,2,1.2,htl
来武汉出差很多次了，这次经朋友介绍，住在海怡锦江大酒店。外表看来的确一般，但住进去后，感觉还不错，小巧精致。首先地理位置好，隔壁就是省政府，早晚出门就可在洪山广场散步，交通非常方便，闹中取静，朋友说这里属于武昌的中心地段。特别喜欢房间里的数字电视还能上网，书桌上还也配了液晶显示屏电脑，网速是我曾经住过的酒店最快的，且不收费，这是让我最满意的。楼下有位朋友说，卫生间太小，其实只是淋浴间不是太大，我这近1.80的个子也还行啊，哈哈。不过我还不喜欢浴缸呢，总让人不放心。携程价格嘛也还行，我在网上比较过，和周边酒店相比还是物有所值的，员工服务素质还行，有机会还会住这里的。酒店的机场大巴经询问大堂经理说，是由于机场大巴路线调整，机场单方面临时取消，酒店方还在努力。但愿酒店努力成功，这样就更方便了。只是房间的地毯有些陈旧，服务员说，酒店马上就要更换了。,2,1.2,htl
就在机场对面，走到机场就5分钟吧，如果要赶飞机的话住那里还蛮方便的，里面的设施就一般了，3星的标准吧,2,0.8,htl
"我们入住的是家庭房,外部靠山路,本担心会吵,入住后发现窗户隔音还不错,内部环境尚可,早餐一般.卫生间的淋浴出入量挺大,沐浴感受不错.如果连续两天均要去海边,建议住在连岛内.",2,0.8,htl
在昆山属于比较好的酒店了，如果价格低于500元，性价比就更高了。总体还行。,2,0.8,htl
"酒店和房间的基本设施都还行,就是服务还需跟上",2,0.8,htl
"房间挺大,条件也可以,就是通过携程无早餐,自订狂贵,而且价格也多变,一会收30,一会收48,各部门之间又缺乏联系,送的软饮,结帐时有要收费,软件服务要跟上,不过总体还可以.",2,0.9,htl
环境安静，空气好，交通也还算方便，但是房间旧了点，早上自助餐一般,2,1.2,htl
"酒店的硬件没得说可以说是一流.对其硬件非常的满意但是他们东北的服务意识真的让我怎么说,就那样了,.因为东北太干了加上他们空调的暖气开的较高,早上我起来流鼻血了,等我退房他们前台居然告诉我他们酒店有加湿器可以使用,天哪!我向他们反映时没有人和我说有加湿器等我退房了居然说可以使用加湿器来使人体在干燥的房间里舒服一点!MyGod!Nothingtosay!",2,1.2,htl
酒店还可以，就是冬天没有暖风，冻的不行。,2,0.9,htl
"房间紧张---由于地理位置,这个酒店的房间通常都很紧张.房价高---285虽然不多，但是要记住这个是经济型酒店.在这个价位不太经济.布局好---本次的房间有一个办公桌,足够大,比以前在电视前面打电脑要好多了.服务一般---这个如家根本没有任何服务可言.推荐入住.",2,1.2,htl
"房间比较一般,可能是去的晚了.盘锦的酒店普遍一般.周围环境还凑合,关键是离长途汽车站比较近,还是比较方便的,其他没有什么突出的地方.",2,0.8,htl
"不错的酒店,不过个别房间窗户只有一半,非常压抑.住了第二天赶紧换掉了.游泳池值得一去,比起一般的酒店,这个算是比较大了.不过要走过一小片健身区,路比较滑.有服务生一直在擦干,很辛苦,值得表扬.房价合理,还是值得住的.",2,1.2,htl
酒店的地理位置不错，就在西街的一头。房间设施还可以，在当地应该是比较好的。我们预定的观景大床房，能够看见西街上来来往往的游客。晚上由于西街上的餐馆生意较好，声音有点吵，但还不至于睡不着。总体来说，在阳朔当地应该是一家比较好的宾馆，老外也特别多。,2,0.9,htl
"房间设施比较陈旧,特别是电视机比较老,遥控器一直不好用,虽然经过服务员修理但是还是不太好用,服务态度还可以,大堂很气派,但是房间感觉没有四星的标准,房间内也没有食物,很不方便,需要的时候要给服务员打电话,时间较久,但是江景很美,交通确实不很方便",2,0.9,htl
推荐！！地理位置一走出来就是尖沙咀热闹地方，也就5分钟，性价比很高！一条路上还有君怡那个宾馆，但是好像君怡比它贵点，其实走出来也没差多少步，肯定这个核算！房间小一点，不过觉得还不错，意外还可以看到远方的海景，我住21楼，景色舒服！总体上来说不错！只是周围2个便利店没有什么花头。。。。。,2,0.9,htl
整体感觉还可以吧，价格方面在厦门还算可以，叫了餐服，服务态度还不错，房间感觉不是太好，用的洁具都很一般,2,1.3,htl
还好住的地方居然窗口是对着居民区的设施一般般床不错,2,0.8,htl
4月12日住了一天，感觉还可以。是先前住在政协宾馆的，设施太差了，卫生条件也不好，才换到国贸来的。但是价格也有差距啊，政协420国贸820,2,0.9,htl
房子还凑合，但是硬件不行，不象4星酒店，服务还可以,2,1.7,htl
"各方面都还行.只是可能因价格便宜,客人素质较差.常有在走廊上大呼小叫.",2,1.2,htl
地理位置不错，酒店内装修风格和设施一般，早餐不错，服务好。,2,0.8,htl
"房间不错,大堂不怎么样,服务水平一般,早餐还过得去",2,0.8,htl
酒店环境还可以，特别是一对白虎很吸引人，但房间一般，价格偏高，达不到五星的标准，而且吃饭特贵，周边没有任何配套设施，有点“宰人”的嫌疑。,2,1.7,htl
1.房境四人家庭房境非常理想，房格，有一足以可以容四人的大床、大人床，同，房亦到有半放式的睡眠，附有一客接，一千尺的房已有著林境及少水上的大露台，入房的第一刻真的被迷人的境而吸引，原定有密行程的我也有因著此而欲多留於房及酒店作息及享受。2.酒店修酒店境主突，就是「大自然物」，大堂感休，修很有特色，如:很花心思，以物本作，加上有一主及座的白虎林和火烈林都是很吸引人的地方，置身於必地方，我每次都很快。非常正！非常意休。3.支援服酒店游泳真是很藉得一到，一方面泳池面一般酒店大，人流不多，不需付，房客可前往，手。另方面，泳池放亦至十一，晚游也可以，真是很富。另方面，面泳池亦有健身室，有十多件常的器，最好的是有值同事教授及作支援。酒店客人各附近的票有惠，在是很重要的，亦提升了我的趣，不然最好完成理入住手後才票。4.交通配套:酒店有接巴士往返水上和州站。但建大家需事先向酒店查，因最奇怪的是乘的地方不是大或附近，而是在一蔽的地方，最好於抵酒店先去看看。因即使也不一定知道班期或很多候他都是建客人乘的士。5.整分:由於我不是旺季入住，加上我程房，合理，酒店人流少同又提升了我的享受程度，真正。且我地又一心一意「主攻」酒店附近的三施，「隆之旅」真叫我同行的四人都有一非常正的「叉」回同感受。,2,1.2,htl
"五一节去的，住的是家庭房，别的倒还可以，不过不知道为什么房间里蚊子特别多，全家被蚊子咬的伤痕累累，亲手消灭了3只蚊子，然后仔细察看了一下墙壁和家具，有好多陈年的血迹，估计是前几批住客消灭蚊子后留下的。在杭州户外两天都没有被蚊子咬，在这家宾馆一晚上咬得倒是挺多的。补充点评2008年5月22日：总体来说去了两次杭州都是住这家宾馆的，感觉挺好的，第二次入住，还因为是老顾客送了一份水果，感觉很温馨。谢谢了！宾馆反馈2008年5月22日：尊敬的宾客,感谢您的点评.非常抱歉,近期酒店已安排专业的杀虫公司进行灭蝇防蚊工作,房务中心也准备了灭蚊片供客人使用,希望在您下次入住时能有更好的环境.期待着您的再次光临!",2,0.9,htl
"酒店位置很不错，就在解百后面，也好找，大堂环境布置和服务台态度都很不错，符合酒店星级标准，唯一不太满意的就是房间内部的装饰最多只有三星的水平，不是很令人满意补充点评2008年5月20日：另说明此次入住的是508元的豪华大床房，房间内空调风机声音实在是有点响，另外早餐是另外购买的，28元，不是很贵，但早餐也一般，作为四星的，可以价格再提高，把内容也提高才更符合啊宾馆反馈2008年5月21日：尊敬的宾客,感谢您的点评.我们已将您的意见传达到餐厅,以作改进.同时我们也将关注客房的装饰问题,真诚期盼您的再次光临!",2,1.2,htl
应该是亦庄经济技术开发区最好的酒店了，交通便利，环境安静。只是房间比较小，前台服务态度一般。,2,1.2,htl
感觉比较温馨，价格也比较适合于一般商务。,2,0.8,htl
也是冲着这楼下诸位旅友的评价去的，连住了几晚，感觉酒店的整个经营思想还是颇有独到之处的，整个运行结构颇似欧洲的中低端旅店，感觉务实简洁，亲切与温馨。房间隔音确实不行，尤其是经常听到服务员在走道里大声说话（这在欧洲旅店可是难以想象的事情），酒店后面有个楼盘的工地，白天略有噪音。醉月轩的菜的确味道一般，另希望进一步加强客房的打扫清洁工作，住了几天，身上有蚊虫咬痕，奇痒难忍至今未愈。希望你们做的更好所以说了那么多。,2,0.8,htl
"环境还是不错的,但是洗手间实在是太小了,而且也没有送雪碧或可乐,本来说通过携程订房是有送的,不知为什么没有送,早餐一般,68元不值这个价宾馆反馈2008年8月6日：感谢您选择并入住苏州人家,您提的宝贵意见,酒店管理层会及时采纳,并对工作中的遗漏事项加以分析整改,同时我们也期盼您的下次光临!",2,1.2,htl
酒店离观全街很近，整体环境很有苏州小桥流水人家的风味，酒店内部环境幽静，园林式的花园就像住在古代大富人家的感觉，就是房间的面积很小，卫生间更小，床是大床但也比一般酒店的标准尺寸小一些。,2,1.2,htl
住的的是两房一厅，卧室偏小，到卫生间要路过客厅和门厅，不太方便。服务尚可，早餐以欧式为主。入住时正好是端午节，还送了一盒粽子，蛮人性化的。总体来说还行。,2,0.8,htl
酒店的环境服务能满足四星级标准，房间虽然比较小，但设施还不错，酒店内中餐厅菜的色香味还不错，可能是生意比较好的缘故，所以上菜速度有点慢，价钱和市中心的酒店差不多。服务上还是出现了一点问题，通过携程预订，入住首日酒店赠送每房VIP水果一份和价值50元的桑拿按摩券一张，入住期间酒店每天赠送每房价值288元中秋月饼礼盒一盒。水果是打电话到总台才送来的，桑拿按摩券和月饼礼盒连提也没有提，而且听口气好像总台并不知道要送什么东西。总体来说算是一间不错的酒店，下次还会考虑入住。补充点评2008年7月21日：酒店提供的早餐质量一般，而且品种不全，比如就缺少豆浆和豆腐花等中式的早餐品种，我观察下来吃早饭的老外并不多，应该可以增加一些中式的早餐品种。,2,1.2,htl
环境。房间设施都可以，只是在早餐时服务员素质一般，可能是附近农村找来的，连外国住客最基本的英语都听不懂，很遗憾。,2,1.2,htl
总的来讲还是不错的，但相对五星级标准房间过小了，服务还算可以，周边的环境一般，只是对于城市人来说还是比较新鲜的。,2,1.2,htl
题外话：来我们学校招聘的单位大都住在新悦或者东胜，很多同学都积极主动的去招聘人员居住的酒店争取工作机会。在新悦，工作人员在一楼电梯处围追堵截，坚决不允许学生乘坐电梯，于是大家都爬十几层的楼梯。在东胜，工作人员只是提醒大家不要拥挤，以免电梯罢工，大家都得爬楼梯。这大概就是4星和5星的差别吧！所以对新悦印象不好。此次入住感觉一般。补充点评2008年1月3日：补充：携程提供的价格并不是很有竞争力啊，只不过少了10元钱而已。,2,1.2,htl
房间一般吧，卫生间的布局不太合理，有的房间面向商场，开窗空气不新鲜，早餐还可以，退房服务不错。,2,1.3,htl
酒店设施虽然有很多创新，但是并不为使用者着想的。窗帘自动开关虽然好，但是却不太好用。还有控制灯、电视、空调等按钮放在一个外置开关。如果在晚上使用这些按钮是非常不方便的。还有毛巾太薄了，吸水性低。早餐不错，前台人员各表现还好。补充点评2007年9月19日：神州行kanghsi评点：交通：方便不方便，出入大出租车，而且东莞的出租车最黑了，动不动就几十，而且都是黑车；**价格：标准间515人民币，符合5星价格；其他酒店消费合理****酒店装修：新酒店，装修风格颜色不大体，不过还是符合5星要求；****酒店设施：按摩健身、游泳池、KTV、各个餐厅餐厅都不错，演艺厅不错，算是酒店特别之处，加分；*****房间用具：毛巾不够厚不是很吸水性、枕头、被子床还算可以；****房间设施：有DVD机，加分，不过房间电器按钮不好用；洗手间设施：洗澡水非常大，大的可怕，有淋浴和浴缸，而且有些房间有电视；*****房间隔音：隔音还可以，但是洗手间水压太大，会比较吵；****房间空间：面积差不多28平米，不符合标准；****上网条件：上网速度可以；****早餐水平：种类、味道都可以；****前台服务：服务员水平可以，主动。****门童服务：出入、下车都主动开门；****,2,0.9,htl
"三人房和商务套房都不错,房间很大,适合一家人去住,厨房设备齐全,还有洗衣机.补充点评2007年12月21日：但房间设施和用品就非常一般,大概2星水平!!!",2,1.2,htl
酒店环境还可以，房间环境和设施也还可以，但早餐实在不敢恭维，比招待所还不如，希望改进。,2,0.9,htl
酒店的地理位置尚可，顺着情侣路很容易找到。定的是三人房，典型的２房１厅，房间偏小，厅不错。设施一般，只是电视频道非常多。HBO、BBC、成人电影台都有应该说３人房的价格还是比较有优势的,2,1.2,htl
总的来说还可以，不过不知是否我比较幸运，拿到的房间电话线路有问题，用不了。钥匙卡又插不进那孔，搞到要把梳子插进去取电。泳池、羽毛球场等设施看来是时候保养或更新一下了。另外碰巧有会议召开，停车场也差不多满位了。,2,0.9,htl
环境不错，但卫生一般，整栋楼没有一个服务员，毛巾挺旧的，该换了……,2,1.2,htl
"酒店位置交通方便,但是临街噪音较明显,窗户隔音效果不如人意,浴室中配备的冲浪浴缸无法使用,房间中的桑拿房也无法使用,酒店自助早餐的品种和口味也一般,较为遗憾",2,1.2,htl
"温泉还是不错的,其它很一般了.卫生间小且旧.景区的宾馆也就这样了.",2,0.8,htl
国际五星级酒店情侣档专业酒店评价（TT）：先提一句，本来并没有订峨眉山大酒店，是从峨眉山天颐温泉度假大饭店逃过来的。酒店地理位置：5分，在峨眉山山脚旁，离客运中心80米，很赞的地理位置~！可以从峨眉山上冰天雪地下来马上可以冲一个热水澡，值得推荐。酒店环境：4分，满标准的4星级酒店，可以从酒店里远眺峨眉山，酒店环境也不错。酒店客房：4分，酒店设施稍有陈旧，毕竟开业很久了，但总体来说还算不错。酒店服务：4分，进门一直有人拉门的，前台态度也不错，就是办checkout的时候信用卡预授权撤销做成消费取消了，导致一直不成功，如此基本功要多多培训。免费早餐：3分，在宴会厅内用早餐，总体比天颐要好很多。总的来说，表现中规中矩的四星级酒店，酒店稍嫌陈旧一些，这一点在酒店基本只有标准间很少大床房上也能体现出来，但和390的价格相比性价比不错。,2,1.2,htl
"标房房间挺大的,外面的环境一般.我订时要求环球好点不过外面也没什么.估计是农村,农村里就是空气好,价格有点偏高.服务员的态度是非常不错,不过餐厅的上菜速度太慢.催了好几次才上菜.地方比较偏.四星级酒店远不如其他地方的四星级的各项服务.",2,1.2,htl
1、酒店还算可以，设施有点旧，四星级勉强2、地处陈家坪，没有大型商场超市，背后有个美食街。送餐服务只有西餐厅的套餐，不过价格还可以，另有赠送水果小盘，不错（因为周围买不到水果）。3、开通电话要10元/日（包打市内、长途），这个看不懂，要是碰上长途电话煲，会怎样？上网是免费，网速可以。,2,0.9,htl
一个位置不错的老酒店，还可以。但是价格不算便宜。,2,0.9,htl
"整体来说是一家中规中矩的四星级,在香洲的酒店来说算是好的了,没有明显的优点和缺点,反正去香洲的话肯定会住这个酒店",2,0.8,htl
去了很多次了，管理依然一般，硬件虽好也开始陈旧了，最大的优势就是价格，可别丢了,2,1.2,htl
住的副楼，未评星的，设施就很一般了，肯定是没有主楼好的。电视可收看的频道也不好。早餐要到主楼那边去吃，比较丰富，就早餐不错。,2,0.8,htl
一般，一般还是一般，但是服务员比较诚信，收订金是多付了200元，服务员马上电话到房间告知，比较诚信。,2,0.8,htl
天黑时太难找了，也没有亮灯的指示牌，打车兜了一圈才找到，在新国际展览中心里面那条路的最里面……服务还行，就是太难找了。,2,1.2,htl
"前台的小姐呆头呆脑的,入住手续超级慢,早饭还行,吃的东西不少,就是层次比较低,吃饱为主,离开灵隐寺很近,烧香去的话,还可以,去游玩不推荐。",2,1.7,htl
宾馆总体给人感觉还不错，晚上睡觉很安静，院子里有宾馆放养的土鸡，还有两只秃了毛的孔雀。设施比较齐备。只不过510/1入住时前台的工作人员对于住客的饮食及旅游没有任何有用的建议，让人失望。第二天退房的时候，小姐的帮助就大了很多。早餐相较而言一般，种类很少，炒面和炒年糕味道还不错，不过不适合我这种早餐习惯清淡的人。,2,1.2,htl
房间还不错，古典而又现代！前台服务一般，基本见不着笑容！地理位置还不错，尤其是喜欢数码产品的年轻人！,2,0.8,htl
房间空间小显得压抑，设施简单没有起码的消费品种，装修年份较久卫生条件一般。,2,0.8,htl
"本人25号入住该酒店,27号离开,给我的感觉是酒店卫生不错,房间也很安静,交通比较方便,楼下就是市民广场,有吃有喝有玩,让我不太满意的有两点;一,房间灯光太暗,本人喜欢明亮;二:卫生间的淋喷头位于头顶上方,对不想洗头的客人有点麻烦.总的来说还可以,下次考虑再住该酒店.",2,0.9,htl
"酒店总体可以,出门交通不太方便，离市中心较远，房内设施有点旧,电视机太小且旧,配不上五星级。饮食酒店配套还可以，中式，西式，日式都有。要提的一点就是房间没有提供收费的卫生用品（如一次性毛巾，安全套，清洁洗液等），我打电话要安全套，酒店房间清洁阿姨跟一同童装束的人抢着送来，一问之下每个收费50元，也太贵了，难怪他们抢着送来，可能他们在赚外快，不知道酒店对这方面有没有管理。",2,0.9,htl
套间没什么意思。是奔着大沙发去的，但没有别的都还可以,2,0.9,htl
房间还算大，但设施一般考虑其地理位置与性价比，还是不错的。特别是对住宿标准有严格要求的时候,2,1.2,htl
订的是标准间。房间设施本人认为4星稍微差点，服务4星没有问题。早餐也可以。就是地理位置偏一点，但秦皇岛不大，还可以忍受。,2,0.9,htl
地理不错，大堂环境不错，房间设施齐全。不过早餐一般，不是很丰富。,2,1.2,htl
床还是挺好的就是大床间满了调成标间，看来还是要早点预订。早餐一般，一大早楼就在大声砸墙和楼板明显的晃动，挺吓人的。晚上洗澡出来的水是黄黄的，洗得身上腻腻的，忽冷忽热的。服务员态度挺好算啦～,2,1.2,htl
"酒店装修有点旧,房间还算大,在北京三星酒店这个价格还算不贵,总体感觉还行!",2,0.8,htl
房间一般，洗手间却非常陈旧！环境还很幽静。,2,0.8,htl
房间还可以，就是地点稍微偏了些，好在蚌埠也不大。,2,0.9,htl
"酒店服务人员服务好,交通方便,价格适中,房间一般,缺点是早餐比较差,还要10元/人.",2,0.8,htl
"房间小,感觉卫生不太好,整个环境显的很陈旧.服务一般.",2,0.8,htl
服务还可以，只是晚上没有机场接送车，不太方便，蛮难找的。,2,0.9,htl
位置还可以离解放碑地区不远，打车起步价（5元），房间价格236元，我的房间还可以看到江景，电视卫星频道不错选择很多，房间不算大，洗手间很小，但还算清洁。总得来说性价比还可以。,2,0.9,htl
"在自贡这样的二级城市,标准算是相当高的酒店了,说是4星酒店勉强了点,但比很多3星的好.房间灯光太暗,所有灯开了都感觉昏昏沉沉的,不知道是为了省电还是什么,舍不得用大点瓦数的灯泡.我晚上9点到的,点了份炒饭和青椒肉丝,送餐速度挺快,只是花椒多了点.",2,0.9,htl
以前住过，这次感觉没有以前好了。首先是房间里的设施折旧太快，像用了很多年似的。其次是离火车站太近，又在十字路口，白天汽车噪音大，空气也不好，晚上火车进出站汽笛声很吵人。其它的则一般般，普通而已。,2,0.8,htl
我住在7楼的单人间，房间较小，而且不是玻璃隔断的浴室，设施还可以。酒店离车站很近，打车6块，在市中心，服务还可以，早餐可以接受，就是西餐的品种较少，以后去徐州还会考虑入住。,2,0.9,htl
房间真的很一般，早餐品种不是很多，没有什么突出的地方,2,0.8,htl
地理位置优越，吃住行相当方便！房间设施一般，但对得起三星标准！房价优惠幅度不大。总体来说值得下一次再来！,2,1.2,htl
房间还行，满适合商务出差。距离机场仅35~40分钟的车程，就在天津经济开发区内，属于塘沽地区。周边环境已经很成熟，餐饮娱乐都有，个人感觉很方便。补充点评2007年12月26日：但是低楼层的房间没有窗户，这一点可能会比较令人郁闷。当然如果多出一点钱就可以订到楼层高一点（10楼以上）的房间，那养的话窗外风景感觉就迥然不同了。前两天刚去过，正值圣诞夜，还获赠了一个圣诞老人的蜡烛，很可爱哦！,2,1.2,htl
"那个廊灯确实很恐怖,半夜经常会亮起,还关不掉,问服务员,她说那灯就那样.晕",2,0.8,htl
总体感觉还行，最值得称道的是不断的改进。最初没有提供浴袍，后来也提供了。后来也提供了免费的矿泉水，不知是否下次提供免费的水果吧？这样就像一个四星级酒店了,2,0.8,htl
10月10日入住，从外观来看，酒店本身怎么也不像是5星级酒店。内部装璜不错，我入住的是6210房间，由于房间临街，且面对的是交通主干道，感觉隔音效果不好。最近几日由于降温，天津比较凉，但遗憾的是酒店没有供暖，在房间里时间长了感觉比较冷。其他的都还可以了，但是由于隔音和供暖的缘故，只能给4分。,2,0.9,htl
很一般，也就是3-4星级水平。房间里有崭新的电脑，早餐尚可，房价不贵，实际上在保税区也没什么更好的选择了。,2,1.2,htl
"该酒店作为四星级算是中规中矩,服务态度和设施还说的过去.大堂的西式小点心不错,物美价廉.不满意的地方:一.居然没有停车场,只能停路边还要收费,感觉很不贴心,自驾的朋友要有心理准备.二.九江好象没有五星级酒店,第一感觉该酒店是四星的应该会比较醒目吧,如果有人这么想就完全错了,我们自驾车两次经过门口竟然没看到,不论是楼还是大堂实在是太不入流了.",2,0.8,htl
"酒店位置还可以,比较静,是个住宅区,房间是在别墅里,看上去别墅也有些时日了.房间设施还行,就是价格贵了点,468的大床间有点贵.其余也没有什么特别印象.一般般吧",2,1.7,htl
住过两次了，但真的没给人留下什么印象。早餐还比较丰盛，整体服务也还不错。湖南的酒店服务业感觉一般，所以这样的酒店还是不错的了。下次可能还会住这里。,2,1.2,htl
房间总体还可以，就是没有壁橱（实在没办法说那个活动门后10公分不到的空间是壁橱）有点奇怪。还有就是我住的06号房间有闩锁死的门，不知道通到哪里。。。宾馆的环境还是不错的，服务也算中上水平了。宾馆反馈2008年6月13日：您好！感谢您的评论，房间中间锁死的门是酒店原做连通房用的，现因用处不是很大，正在将门拆掉封死，部分房间已整改完毕，余下房间在本月末完成；壁橱的问题业已反映给领导，酒店会在一个月内整改完毕，谢谢您的关注，诚挚的欢迎您的下次光临！,2,0.9,htl
我住的商务单人间，酒店周边环境一般般，但房间比较大，床软硬适中，上网速度快，早餐很丰盛是我没想到的。以后可能还会入住,2,1.2,htl
酒店服务态度绝对是好的，大堂小姐会提醒天冷加衣服，早餐的时候主动为客户提供及时周到的服务，很不错。但是酒店装修一般，还有隔音效果不好。不过总的来说还是比较满意的，至少在我已经住过的酒店当中算是好的了。,2,1.2,htl
"房间不错,这是我每次选择住在这里的原因.早餐不好,品种少,而且味道也不好.地理位置一般般.但总体的性价比好可以.",2,1.2,htl
每次和王总、Roby出来玩，都喜欢住套房，这次找了个机会入住苏宁环球，Ctrip卡预定网上评论较好的“丽家套房B”，一室一厅一厨87平米，RMB650，22楼，送水果和鲜花，单早，免费游泳池和健身房，送下午茶，免费宽带，免费地下车位，全部落地窗，厨房有冰箱、电磁灶台和洗衣机，适合很多朋友来过周末，不过卫生间里除了龙头是hansgrohe外其他洁具档次略低，客厅的复合地板直接铺水泥地上，脚感太硬，还不如全部用地毯呢，有点遗憾的是给了我们面朝上海路的房间，下次选个礼拜六有球赛面向五台山的房间，还可以免费看球。,2,0.9,htl
虽然房间陈旧，地毯比较赃，可是考虑价格和星级，就可以接受吧。早餐有很多菜，味道还行，让我满足了。下次还会住在这宾馆。,2,0.8,htl
总的来说不错。服务也还好。我到的时候是12点，前台的小姐查了半天，才确认我订的房间，办手续又花了不少时间，因为前台就一个人，一边接电话，一边给我办理登记。最大的问题是靠近高架的房间噪音实在太大。虽然我之前看过别人的评论，对此有心理准备，但真的住进去，才发现深更半夜，那个高架上汽车飞驰而过的噪音，不是一般的大！,2,1.2,htl
很超值的酒店，对得起这个价格，但是上网步骤比较麻烦，网速一般。,2,0.8,htl
进入房间后，发现床什么都是理好的，牙刷什么也不缺，但是居然有用过的牙刷，而且还是浸在装满水的杯子里，还有双穿过的鞋子。晕，这算清理过房间还是没有。不过服务态度蛮好，我说要换间房，马上给我安排了。另外，我用工行卡，前台居然说工行卡授权取消什么很麻烦，最后我是用卡刷了房费再加上现金押金的，这个应该改进。不过总体上，还可以。,2,0.9,htl
"夏日商务套房的价格780,稍高了一些.如果是平时的600多,还合理.但总的来说,比起哈尔滨的华旗,华融等所谓的四星级酒店的套房,房间的色调及配置,还说得过去,面积不大不小,45平米.哈尔滨除了香格里拉,但房间又太小,在江边的凯莱花园酒店不错,开发区的福顺天天还可以,余下的就数金谷了.但它新装修的房间虽然很现代,但味道太大,否则,应该让它排到第二位.",2,0.9,htl
环境是济南最好的。楼后的花园很漂亮。房间设施只能算是一般，不大符合省委招待所的要求。交通比较方便，出门不远就是高架桥，不过就是门口经常堵车。,2,1.2,htl
环境好，在公园内，300元的价格也不贵。用餐一般，还是出去吃，在聚福林吃了两餐，真好。,2,0.8,htl
"房间一般,花园一流,真正的花园宾馆,全国也不多见.很大,下了电梯还要走好远.",2,0.8,htl
"房间很一般，但服务员态度还不错。不过听说韶山还有比这个更好的酒店，但携程没有。免费注册网站导航宾馆索引服务说明关于携程诚聘英才代理合作广告业务联系我们Copyright1999-2008,ctrip.com.allrightsreserved.",2,1.2,htl
总体来说还可以就是房间隔音效果差了点晚上休息的时候走廊有人经过都能听的清楚的很而且整晚走廊都有人经过,2,0.9,htl
还可以，就是有点贵，再便宜点就好了．不过基本满意,2,0.9,htl
在石家庄住过世纪、国际大厦，后来住国宾。感觉不错：房间宽敞，设施还可以。每晚有水果送。早餐比较丰富。只是checkinandcheckout慢一些，还要提高。宾馆反馈2008年7月31日：感谢您对国宾大酒店的认可。正值奥运期间，登记手续比较繁锁，我们正在研究工作细节，尽量简化登记手续，期待您再次光临，并对我们的工作提出宝贵建议！祝生活愉快，一切顺利！,2,0.9,htl
我从05年开始入住该酒店，每次来南通，基本上都是住在该酒店，总体来说，酒店所处位置方便，旁边就是银行，有大润发超市，如果没事，还可以到超市转转，前台的服务不错，效率也挺高，每次都会面带微笑向客人问好，缺点是有些房间的门有点松，需要重新装一下，毕竟出门在外，安全是第一位的，希望能改进。,2,0.9,htl
酒店设施一般，但当客人入住后，服务员主动送来报纸和水果，服务很周到。发现洗手间内没有牙具，电话前台马上就送过来了。大床房间的床很舒服。,2,1.2,htl
因为没有安静的大床房间可以安排，最后只能住标准间，房间挺大，但床还是小了点。因为只是睡了一觉，没什么特别的感受。服务员的态度很不错，还有早餐，表扬一下。,2,1.2,htl
整体感觉还不错，早餐一般。住行政楼层，问前台最晚几点退房，第一个答复是中午12点。我说有看到网友留言说是到下午2点，答复是如果需要可以保留到1点钟，哈。,2,0.8,htl
洒店环镜和卫生都还可以，也较新。价格适中，但靠马路边，晚上有点吵，一大早就醒了。,2,0.9,htl
服务素质实在一般，酒店也旧，象是回到了二十年前。。。补充点评2008年7月2日：也就给三分，怎么变以4分了？,2,0.8,htl
位置离市区比较远。除了环境好以外，哪里都不象五星级酒店。房间还不错，空间很大，但感觉设施一般，前台服务员的形象更是差，头发凌乱，有一人嘴角还长着口疮……自助早餐也不象五星级酒店,2,1.2,htl
酒店设施还行，不过房间过小，价格相对一个小县城来说有点贵。,2,1.2,htl
"根本够不上五星,充其量四星,五一去大热的天居然不开空调,热的无法睡觉,只好起床就走,可电梯又贼慢,服务态度倒是不错,地理条件也可以,冬天去可能还行.",2,0.8,htl
服务态度一般；房间隔音效果不好，总能听到隔壁房间的声音，特别是鸡上门的声音很明显，严重影响休息。,2,0.8,htl
这次来的比较晚，出去吃饭不太方便，就在酒店的餐厅吃的海鲜自助，还可以，不过感觉价格稍微偏高了一点。我住的那个房间的隔音不是太好。,2,0.9,htl
连续入住好几次了。将来可能没有机会再到湖南这家店却是还可以,2,0.9,htl
在推行环保方面做得比较到位，而且在菱湖公园旁边，环境不错。总体来说还可以，就是房间稍微偏小一点。,2,0.9,htl
"说不清是第几次入住了,一般到成都就住在这里,感觉确实不错.不过以前我住标准间的时候,明明浴缸上是有浴盐的,不知道为什么现在没有了.问服务人员,说一直都是只有套间才有,这肯定不是,以前我是用过的.不过如果打电话问他们要的话,还是会给.这点还可以.",2,1.7,htl
标准房间设施一般，外部环境绝对一流！至少要提供暖风机之类的便民设施。补充点评2008年4月9日：之前点评有理，房间真的霉味很重，有待改进！,2,0.8,htl
"酒店的checkin和checkout很快.预订的普通单人间没有了免费升到了商务单人单,不错,房间内的电脑网速也是很快.就是地毯老了点.可以就是A幢和B幢的区别吧.早餐也还可以吧.总体来讲性价比挺高.下次还会选择.",2,0.9,htl
酒店设施比较旧了，但人员的服务还可以，凭房卡在餐厅吃饭还可以打8折，不过那里餐厅的菜价挺贵的，还有就是酒店商场的商品个个都是暴利，我们这里一包中华（硬）一般45元，宾馆里最多也就58，而那里好像要78一包，简直天价，网速不错，最后要告诉携程，携程的价格并不是最低价，照理这么大的定房数量应该拿到更低的价格的，当地很多单位的协议价都比携程的低很多,2,1.7,htl
虽然酒店的房间一般，略微有点潮，有待改进，但是服务很贴心。性价比不错。优质的服务让人非常满意。满足需求，想人所想。赞！,2,1.2,htl
携程的价格和酒店前台的价格一样。第一天到酒店后没有水果，第二天没有通过携程直接在前台开了一个标间，天天都有水果赠送。早餐还可以，品种够多。晚上没有骚扰电话，但是你如果想被骚扰，可以给按摩中心打电话让人上门按摩。房间内的装修还可以，只是窗户的玻璃与窗框居然有很大的缝隙。总体感觉还是不错，不到三百块钱的价格还可以。,2,0.9,htl
酒店的床比一般的香港酒店大，双人房的床都很大，枕头超多超舒服。酒店正好在金钟的正上方，逛街很方便，东西买了直接就丢回房间再出来超方便。最特别的是晚上逛街回房间又累又渴，桌子上放着泡好的香片茶，非常温馨！国内酒店的服务就缺乏这种细节，下次还要住这里。,2,0.8,htl
"房间总体还是很不错的,但房间隔音效果比较一般,在房间很容易听到走廊上别人的说话,谢谢.",2,1.2,htl
总体上觉得还可以，但我觉得服务还是未能跟上，泡温泉的地方提供的毛巾不够，服务员也少，不过环境不错。我退房的时候太慢了，催了好几次才检查房间。其实温泉里是有大排档的，在度假村往温泉的路上就能看到有两家大排档，味道还可以，价格还是很合理的，但要吃鸡的话，我就觉得贵了一点，不过还挺方便的。,2,0.9,htl
"就是离市区远了些,出门不是很方便.周边基础设施比较少点.其他的还可以,",2,0.9,htl
房间还可以。总体没有什么不满意的地方，就是这个地点比较偏，如果不准备出门的话还是可以的。第二天去开利上南北高架桥十分方便。,2,0.9,htl
"离南京西路才一公里,靠近中心商业区,所以价格比一般如家要贵!地点算是好找!周围环境一般,房间内比以前住过的如家要大,但是房间内有比较浓的空气清新剂的味道,所以要开窗开空调换气.整体来说可以接受!特别是在上海房价这么贵的地方.",2,1.2,htl
周末和老婆过去住的，感觉还不错，环境比较好。酒店的服务还可以，但是服务员见到了客人连招呼都不打一个，这点感觉服务员的素质还需要改变，总体感觉不错,2,0.9,htl
楼梯有一个妈妈桑在拉客。。。没感觉酒店中规中矩，早餐还不错。。没什么深刻印象,2,0.8,htl
作为在人民广场附近的酒店来说这个价位算是比较低的，而且相对房间来说也不是很差。与一般的经济型酒店设施还是差不多的。但是酒店的地点却不是很熟悉，所以也是找了一段时间才找到。但是走到人民广场还是很方便的。,2,1.2,htl
大型的别墅社区，环境非常安静、宜人，在阳台上面对流淌的河流、迎着和煦的清风，可以完全让你躲避城市的喧嚣，沉静心情、呼吸清新、放松身心，非常适合家庭度假，也可以个人静静的消磨。我定的独享单间也就是独享了整幢三层现代风格的别墅。不过房间风格过于单调，有可能由于客流非常的少（也由于占地较大而显得非常冷清），没有一般度假地的氛围，酒店的相关设施也由此可能显得有些薄弱。总体来说，确实可以让你体验到别样的度假感觉。,2,1.2,htl
我们这次圣诞新年假期原计划是在博鳌看宾斯基住一周的，结果一住就十天了。凯宾斯基饭店的环境是放松和度假的好地方，一百一十多幢的别墅掩映在亚热带的树林景色和河边当中，简花是见花草树林不见人，我们白天开车在饭店内怎么兜风，也没遇到几个人，等到晚上从别墅中透出来的灯光，才知道这里基本还有这么多地度假的人。从我们住的是独享单间，6天住港式风格的，4天住得是韩式风格的。整幢别墅只有我们两公婆，里面听宽敞的，饭店挺豪气的，或许呼应德国的品牌饭店吧，大冰箱、滚筒洗衣机是西门子，灯开关插座是西门子的，电熨斗是飞利浦的，抽油烟机是意大利的，多士炉是什么牌子忘了。或许想我们这样，带着面包面条橄榄油吞拿鱼罐头烟肉番茄酱在厨房开餐的人不多，所以，发现，多士炉是没人用过，全新的;洗衣机是全新没人用过的，让我这个小主妇开心的不亦乐乎！说说存在的问题吧。闲聊时得知，当年饭店为了赶工程，室内装修都出现了不同程度的质量问题，比如，装修的手工粗劣，正是因为连续住进的两套别墅的浴缸都严重渗水，才在饭店内挪了三次窝。饭店的早餐管理我认为有不妥。第一次登记入住是从28日开始到1月4日的，早餐券每天两张共14张一模一样的，开始两天没有去吃早餐，到了1号去餐厅看看，是自助早餐，虽然品种只有十来二十种，中西式都有，还好，不错，我还可以打包回去给老公。结果到了三号，我去了一看，啥都没有，只有经理和几个服务员在那，经理招呼我坐下后，已不见了。服务员收取了我两张早餐券，给我端上了一份中式早餐，一碗白粥，一小份炒面，一个包子一个馒头，完事。我无从下口，让服务员给我拿了一碗酸奶泡麦片，喝了，然后，让服务员打包两杯酸奶回去，结果服务员让我签单，我明白了，今天的免费早餐变了，只有一份中式的，我要的酸奶和麦片要另外付费，我一看账单，愣住了，3杯酸奶加一小碗麦片共76块人民币。4号续住的时候，我都懒得去领早餐券了，因为老公说，国务院三天假期过了，我们不能度假了。既然饭店是真正休闲度假的地方，我想饭店应该把客人住店的每一天都视之为假日，我真的承受不了一天冷一天热的服务概念。既然饭店要做远离尘嚣、远离喧闹的休闲度假区，我接受休闲度假区天天一样的房价，但必须给我天天一样的休闲度假的服务。对吧？幸好，我们带足够了厨房粮草，早餐、午餐我在厨房里忙乎，晚上到金海岸西餐厅晚餐，也优哉游哉的度过了一个搏鳌凯宾斯基假期。我们还计划，下次来的时候，把我妈妈和保姆也带上，再次入住凯宾斯基。,2,0.9,htl
我们这次圣诞新年假期原计划是在博鳌看宾斯基住一周的，结果一住就十天了。凯宾斯基饭店的环境是放松和度假的好地方，一百一十多幢的别墅掩映在亚热带的树林景色和河边当中，简花是见花草树林不见人，我们白天开车在饭店内怎么兜风，也没遇到几个人，等到晚上从别墅中透出来的灯光，才知道这里基本还有这么多地度假的人。从我们住的是独享单间，6天住港式风格的，4天住得是韩式风格的。整幢别墅只有我们两公婆，里面听宽敞的，饭店挺豪气的，或许呼应德国的品牌饭店吧，大冰箱、滚筒洗衣机是西门子，灯开关插座是西门子的，电熨斗是飞利浦的，抽油烟机是意大利的，多士炉是什么牌子忘了。或许想我们这样，带着面包面条橄榄油吞拿鱼罐头烟肉番茄酱在厨房开餐的人不多，所以，发现，多士炉是没人用过，全新的;洗衣机是全新没人用过的，让我这个小主妇开心的不亦乐乎！说说存在的问题吧。闲聊时得知，当年饭店为了赶工程，室内装修都出现了不同程度的质量问题，比如，装修的手工粗劣，正是因为连续住进的两套别墅的浴缸都严重渗水，才在饭店内挪了三次窝。饭店的早餐管理我认为有不妥。第一次登记入住是从28日开始到1月4日的，早餐券每天两张共14张一模一样的，开始两天没有去吃早餐，到了1号去餐厅看看，是自助早餐，虽然品种只有十来二十种，中西式都有，还好，不错，我还可以打包回去给老公。结果到了三号，我去了一看，啥都没有，只有经理和几个服务员在那，经理招呼我坐下后，已不见了。服务员收取了我两张早餐券，给我端上了一份中式早餐，一碗白粥，一小份炒面，一个包子一个馒头，完事。我无从下口，让服务员给我拿了一碗酸奶泡麦片，喝了，然后，让服务员打包两杯酸奶回去，结果服务员让我签单，我明白了，今天的免费早餐变了，只有一份中式的，我要的酸奶和麦片要另外付费，我一看账单，愣住了，3杯酸奶加一小碗麦片共76块人民币。4号续住的时候，我都懒得去领早餐券了，因为老公说，国务院三天假期过了，我们不能度假了。既然饭店是真正休闲度假的地方，我想饭店应该把客人住店的每一天都视之为假日，我真的承受不了一天冷一天热的服务概念。既然饭店要做远离尘嚣、远离喧闹的休闲度假区，我接受休闲度假区天天一样的房价，但必须给我天天一样的休闲度假的服务。对吧？幸好，我们带足够了厨房粮草，早餐、午餐我在厨房里忙乎，晚上到金海岸西餐厅晚餐，也优哉游哉的度过了一个搏鳌凯宾斯基假期。,2,0.9,htl
早餐一般。其它还行。在富阳位置也算还行。,2,0.8,htl
酒店的外、内部环境还是很不错的，服务生的服务意识也还可以，但里面吃的东东有些贵，另外携程确认定单时间有些拖延，打车到了宾馆后，被通知没有３２０元的房间了，只能住５２０的了，呜．．．对于自助旅行的偶来讲，有些奢侈．．．．．,2,0.9,htl
我们五一期间去了一次洛阳和郑州，房间机票都是通过携程预定的。决定住拙耕园宾馆，也是看了很多评价以后才决定的。但因为没有特别关照要靠学院的房间，所以给了一个靠马路这边的，而且是靠电梯口的房间，所以感觉不是很安静。宾馆的地理位置是不错，如果要去龙门石窟的话，宾馆对面坐公交车就可以直接到，很方便。我们感觉宾馆的房间不小，但是感觉比较陈旧，地毯上有烟头的洞，洗手间也很旧的感觉。房间里没有小冰箱，而且也不提供水，要喝水得自己烧自来水，很不方便，连一般的连锁酒店也不如的感觉。且开门进房间有股味道，好像很久没有通风的感觉。前台服务员态度比较好，但是checkin的速度很慢，我们用护照登记的，两个大人带一个孩子三本护照都要一一填写单子，而且还都要复印，这还是我们出行第一次遇到这样的事情，一般酒店填写一份就行了，护照也不要复印。早餐虽然比较便宜，但是没什么可吃的感觉。我们中午在宾馆餐厅用餐，感觉比较贵，而且吃不完的菜他们就给一个薄薄的塑料袋打包，连一个打包盒子什么的也没有，有点诧异。补充点评2008年5月8日：怎么给了一个4分，我想打三分的。,2,1.2,htl
看了前面的介绍，今年5.1去了此宾馆，感觉是：1.我去了龙门石窟、关林庙和王城广场，乘坐公交车很方便；2.早餐很一般。累了一天，晚上回去后没热水洗澡，只能硬挺着洗冷水。酒店服务员告诉我锅炉坏了，狂晕！3.服务人员的态度相当不错，向他们咨询出行的问题都能得到耐心细致的答复；4.相对酒店的设施，价格偏高。,2,0.8,htl
是一个别墅式的温泉，非常清静，服务也不错，性价比较高。就是交通有点不便，同时一定不要选一楼的房间，因为潮湿有一股很浓的味道。如果是单独旅游，最好的办法是包一辆出租车，一天才150元，还可以请司机介绍景点，上次我请了一个出租车，人不错，我介绍一下大家认识：李志宁13988505869,2,0.9,htl
房间在当地还不错。早餐一般般。周边环境不错，有鸡骚扰。,2,0.8,htl
马马乎乎，早餐稍弱，只有那小米粥好喝，其他的一般．电视频道比较少，不太符合五星级宾馆的标准．其他都还不错．,2,0.8,htl
位置挺远的，到市区要好久早餐一般，可选择的余地小房间好，大，感觉还是很舒服的,2,0.8,htl
这个酒店让我的总体感觉非常一般，甚至是很差。当天入住的时候，由于北京下雪晚点两个小时，我当时在机场给酒店打电话，告知晚点，要求保留预定房间。但没想到在前台做登记的时候，居然说由于临时来了客人，目前只有两个房间，其余的两个房间要降档次。由于已经晚上快11点了，无奈只好先行入住了。但以我这些年住酒店的经验来说，一是这种情况很少见，二是如果发生这种情况的话一般会给客人免费升级到更高档次的房间，而不是降档次。在住店过程中的种种不快就要淡忘的时候，没想到回到北京后，看到携程很负责的一个短信撤底让我对这个酒店失望透顶，在中途换房间的情况湘泉酒店居然算作我退房信息处理，少算了我2000多的积分，而携程短信确认我是否退房（我是10号入住，11号换房，湘泉把其中的一间算作11日已退房处理）。在这件事情上，我要特别赞赞咱们携程网，我把情况反映后，携程的客服人员特意又两次致电我了解有关情况，就评这个态度我也非常满意了。发完牢骚，大概说说酒店的房间。休闲大床间的床是紧靠着房门的；而高级大床间的房间格局很小，让人感觉很压抑。酒店的早餐不像四星的早餐。,2,1.2,htl
酒店服务还行，就是房间隔音效果不太好。房间内的电视具有数字功能，断电后重启不便。,2,1.2,htl
酒店环境不错，可房间一般。预订时一直强调要视野好一些的，结果因先前入住的客人过了入住时间还没退房，给了个比较差的房。房间的味道也极难闻。可能是5.1客人较多吧，打电话到前台要求看能不能换一间，结果也一直没有回音。,2,0.8,htl
总的来说还可以，就是早餐的质量和种类太一般。,2,1.3,htl
"房间比较大,设备中规中矩啦,值得称赞的是环境,花园很舒服,毕竟是接待政府官员的酒店,还是很不错的.推荐.",2,0.8,htl
"酒店可能有点年限了所以设施很旧,说是三星可感觉估计也就二星到顶了,服务也很一般,关键是价格和我后来朋友介绍的其他酒店相比差很多哦,以后不会住了!",2,0.8,htl
一般，没有特别的独到之处。价格方面也没有太多的优惠，反正总体来说，就是一般一般啦,2,0.8,htl
"房间还不错,装修设施很不错,可惜装修设计太一般,服务一般,门童比较懒!",2,1.2,htl
大楼很漂亮。价格不便宜。其他一般。就是索菲特听起来很牛。,2,1.2,htl
在济源，能够有性价比这么高的酒店，有点意外了。房间洗手间还有点4星级的感觉，但也就是一般了。不过说实在，这个价位，住这样的房间，还是挺值的。,2,0.8,htl
"房间还行,卫生间不大,算达到了三星的设施,在济源是最好的酒店了.服务员态度不错.不过晚上有时候洗澡水不热,害得我差点感冒.早餐品种不多,自助餐30元还算过得去.",2,1.2,htl
很一般的五星级酒店，周边的环境感觉很乱,2,0.8,htl
房间虽然不大，但很有欧洲风味，很有特色。空调制热效果一般，大床房的被子太小，晚上盖着有点冷。,2,1.2,htl
家庭套餐的价格确实便宜，套房确实很大，但是硬件确实很粗糙，服务员的态度确实还可以，周末去度假不错，没车千万别去！,2,0.9,htl
花园式酒店，卫生情况还可以，房间配置一般；周边环境比较热闹，闹中取静。夜间有骚扰电话，不好,2,1.3,htl
"8月初去的,政府招待所性质,所以服务可想而知,不过邯郸实在没什麽地方值得落脚,凑合着去住了.房间刚装修完,气味浓重,开窗户纱窗不严,怕进蚊子,不开实在熏得慌,熬了一夜落荒而逃..",2,1.2,htl
是携程在驻马店的唯一签约酒店，感觉有这一个也足够了。据称是当地唯一一家四星酒店，感觉确实算是当地最好的酒店了，主楼的硬件还可以。地理位置对于自驾车来说，还算比较便利。给携程的价格也不错，是门市价的四点五折。以268的价格入住主楼，性价比挺高的。就是用网线还要花20元，有点小家子气。,2,0.9,htl
这家酒店总体感觉不错，房间挺大的，酒店位置也好，就是服务员反应比较慢。。。。。。，态度还行，就是能不能解决，什么时间能解决，总应该有个明确的答复吧，无语！！！,2,1.2,htl
真是一个度假的好地方，那环境绝对棒极了！我们住的是标房，房间装修倒也一般，但打开阳台的门往外一看----眼前是青山湖的万顷碧波和悠悠群山。扑面而来的是无比清新的空气。俺和LP带着BABY坐在阳台上，看看外面的美景、泡一杯清茶，真有点乐不思蜀。这么好的房间居然只要200！只是不包早，包早每人再加20。我们在餐厅吃了个58的老鸭煲当晚饭，两个人都吃不完，那味道比杭州城里的红泥都要地道。下次，我们要约上几个兄弟好好来度假！补充点评2007年2月25日：俺们是从杭徽高速青山湖出口下的，又走了一段S102省道，过了一个隧洞。这条路比从临安出口下来离酒店要更远些，但可以经过千狮桥，还可以在千狮桥上停下来拍青山湖的照片。此外，还能节约5元钱(:,2,1.7,htl
一般。距离五星级的标准还有差距。当然价格也便宜些。位置不太好。床不舒服。有点硬。,2,0.8,htl
然市中心了些~（可是，坐地很方便的~）但是如果你在四~五周事情的~是不的~一般和司直接酒店的名字~司傅不知道在哪里~打的去的，得在慈云的西北角~以前的那里~有大的~酒店的整施,2,1.2,htl
"条件不错,价格也可以.早餐一般,服务还好.性价比还不错的一家酒店,下次还会再去住的.",2,0.8,htl
房间比较大，就是马路噪音有点大，双层玻璃只要开一点点就受不了了。宽带1小时10块有点太黑了，这年头宽带还收费。以前也在西藏大厦住过，感觉前台服务比以前好些了。二楼的饭菜太一般了。整体还可以。,2,1.7,htl
整体感觉都还不错~~~服务也还可以就是洗手间比别的锦江要差,2,0.9,htl
"我是去年12月底入住的,到牡丹江的时候住的是夏威夷,后来搬到金鼎,主要是考虑早晨回北京时,酒店楼下就是机场巴士的始发站,如果住夏威夷的话要提早半个小时结帐再走到金鼎.酒店房间感觉还可以,就是我住的大床间没有浴缸,只有淋浴.至于房间大小,卫生，隔音及其他设施,我觉得都还好,地理位置也不错.",2,0.9,htl
"房间太小,早餐简单,虽然是豪华套房,性价比相差太远,但是地段还不错,逛街比较方便,服务也一般,掉了个充电器在房间,叫总台寄过来到付,居然还不愿意",2,1.2,htl
这家酒店感觉达不到五星，应该处在四星的水平。客房勉强还可以，但早餐做的不好，品种也少，跟同事住这里，基本上是吃了几口就走了。,2,0.9,htl
"总的来说,这家店不错,就是环境有点吵闹,设备坏了也不维护,我洗澡的时候,差点被懂感冒,洗浴室的窗户把手坏了,冷风直灌,哎,不过早餐还行.",2,1.2,htl
今年10月中旬住的主楼商务间，还可以。早餐马马虎虎。,2,1.3,htl
客厅很大，房间面积也可以，我们订的是一套三房二厅，一套二房二厅，入住的时候可能二房二厅的房间没有了，给了二套一模一样的房间，只是其中一套锁了一间。除了客厅和主卧外，另二间都没有电视。空调是独立的，很响，晚上只能关了才能入睡。房间设施一般，因为之前住过西安的馨乐庭公寓酒店，二个地方对比下来，就发觉相差不少，很多人性化的细节处都没有馨乐庭做得好。比如：室内电器设备的使用，馨乐庭有一本很祥细的使用说明，参照上面的介绍，很方便的就可以使用，而在和乔丽晶要自己试验，这样对客人和酒店都不方便，万一客人不小心弄坏了，大家都有损失。,2,1.2,htl
订的是豪华大床房，到那里后豪华房已经没有了，免费升级到行政大床房。过程中服务的态度还好，就是手续有点繁复，行政房需要到22层checkin除了行政房上网free，其他房间上网需要40元/小时80元/一天，免费升级到行政房上网也需要付费。之前住过豪华双人房，感觉和行政大床房没有太大差别，房间大小和装修差不多。这家宾馆最舒服的一点就是浴室比一般宾馆大。总体来说，住过这家宾馆两次，装修和房间大小包括浴室在内，在上海四星级宾馆里来说还算不错的。,2,1.2,htl
酒店还可以，临江，购物比较方便，不过附近饭馆不多，房间建议选择双床的，比较大，单间很小；电脑实在不是这个时代的，空调声音有点吵；服务还不错。,2,0.9,htl
这是一家市政府指定招待所，分好几个区域，住的是贵宾楼，应该是宾馆中最好的区域吧。实在话，宾馆的服务员素质不错，会微笑服务，见了面会打招呼。早餐质量很一般，有点失望。但在东营，我想在东城办事的人来说，这是首选，西城的海天虽好，但离东城有二十几公里地。,2,1.2,htl
下午2点半到了，入住手续很快办好，湖景房，房间不大，可以看到湖景和院子，大堂在山上，室外游泳池不错，外面就是湖了。晚上在酒店中餐厅吃饭，点了著名的千岛湖鱼头汤。以五星级宾馆而言不贵，洗澡水不大，早餐也是五星里一般化。不过酒店的标准按国际话来说还是要努力的，主要是细节不够，如此等等，象会务都是国内的烟草呀，国有银行呀，房地产呀，乱哄哄的。层次不高，当然如果是国际著名酒店来管理就不是这个价位了。当然还是千岛湖目前最好的酒店吧。,2,1.2,htl
"不算等候时间,CHECKIN速度算快的.但是现在正是旺季,我等了至少10分钟,还得吸着2手烟等,靠!房间不错,反正各方面感觉挺舒服.宽带迅雷下载1.3MB/S,呆掉了.送报纸,水果,好.VIEW好,特别是湖景房,不用去坐什么鸟船看湖了,我1天在房间里看腻了都.软服务不行,特别是餐厅服务员,完全没有5星饭店的水准,送餐的菜口味只能说很一般了,但服务费却要30%.早餐品种较丰富,但口味算糟糕的,好象是用的原料有问题,水果都淡而无味,连红薯都淡而无味,佩服他们的采购部,不容易啊,能弄到这么价廉物差的东西!!",2,1.2,htl
酒店环境还可以，交通也还算方便，只是觉得这样的房价还不含早餐有点不太尽人意，还有这已经是第三次入住，给我的感觉酒店有点皇帝女儿的感觉。游泳、健身餐饮好像都是单独承包的，尤其是游泳和健身还要单独买票，真是滑稽，房价和服务水准不匹配。补充点评2007年8月23日：宽带收费也算高的，,2,0.9,htl
还行吧，早餐不错，超出我的预期，比一般三星的好！不过去连云港住新区那边比较好！新区有一家：老班长的饭店不错，部队人开的，送小菜送水果，送有一道豆腐包，很不错！,2,1.7,htl
房间挺大卫生也还行就是洗澡水早晨有点凉,2,1.2,htl
近鹅岭公园是个很大的优势，算是闹中取静吧，但是作为豪生管理却显得员工培训一般般，亟待改进,2,0.8,htl
位于鹅岭公园边，比起市中心的酒店安静很多，重庆都是山路，所以汽车起步上坡噪音很大，这里会好很多，尤其是靠公园的一面，装修不错，房间也挺大的，由美国豪生集团管理酒店，所以服务总的来说还是满意的，最值得一提的是4楼早餐厅，外面一半是开放的，直接对着公园，只有一门之隔，喜欢接近自然的朋友一定很喜欢的，虽然种类不多，但是环境一流，住了5天，看到很多结婚的生日宴会的，看来他们也是冲着来的，有些遗憾的是空调似乎不太足，我是很喜欢低温的，也需一般客人足够了，还有花洒似乎太花哨点，有两层可以出水，但是也许管道太长，调节水温很不敏感，必须要在水流边等很长时间才有变化交通方不方便看你自己，打的到大坪，然后做轻轨到朝天门最方便，打的也不贵15块钱而已。总的来说值得推荐,2,1.2,htl
酒店在鹅岭公园附近，重庆市园林局旁，酒店说是商务酒店，可装修却是度假酒店的风格。很多房间外面都有小阳台。房间很宽敞，就是淋浴房渗水太厉害，花洒龙头也在漏水；每天早上睡懒觉，会有人敲门问你有没有衣服洗；早餐很简单，没什么好吃的东西，橙汁是用水兑的，不过是在四楼咖啡厅，有露天用餐区，从四楼咖啡厅凭房卡还可以直接去鹅岭公园，不过有点多此一举，公园本来就是免费的。酒店门口有去市区的中巴，打的去两路口、上清寺等市中心区域，也只是五块钱的起步价，交通应该说还是方便的。离酒店不远、鹅岭公园门口有一家周火锅，价廉物美，非常不错。从机场去酒店的朋友，可以从机场坐机场班车到上清寺下，然后打车去酒店，起步价就可以到。补充点评2007年7月16日：补充一下，携程价格信息里说酒店送20元的电话费，不是每天送20元，是入住一次送20元。我们入住四天，也只有20块。,2,0.9,htl
"房间还不错,就是电视有点高,看着有点累,前台服务还可以.",2,0.9,htl
酒店很不错！大堂气派宽敞，房间挺大。服务一般，再也不是没普间升豪间了，我早上去得早只能等别人退房。普间没早餐。桑拿按摩VIP还可以，服务不想有些地方只想着快点结束，快点付钱，朋友说物有所值。,2,1.3,htl
在酒店住了一夜，是因为这里是淄博排名前几位的酒店吧，总结起来有几点意见：1、总共在饭店门口下车四次，其中两次看不见门童，两次门童不理我。2、前台人员一般，着装较差，有个服务员的胸牌上“淄博饭店”中淄博二字被划掉了。3、客房装修一般，像是翻修过。门都有刷漆痕迹和掉漆现象。衣橱的一个门掉了。4、洗手间浴室。毛巾还行。马桶上没有一般酒店都有的“已经消毒请放心使用”的标签。浴池的下水口塞子坏掉了。5、电视机是老式球面电视，收的台倒是不少。6、因为去的时候淄博在进行文明城市评选工作。所有的娱乐场所都关门了。酒店的也都关了。没有发生什么小姐叫门电话骚扰的事情发生。7、酒店送的洗浴中心的券没法用。8、早餐还行。我去的时候七点多一点，有的菜品还在上。9、所处街道环境很幽静。,2,0.8,htl
房间一般，进去有点味道，环境和服务还是不错的。,2,0.8,htl
早餐种类太少质量也太差，吃稀饭都没有一般的花生、酱菜、咸蛋、腐乳或油条配菜等，吃面包那个土司也是20年前的做法干的不得了，要了碗馄顿里面的馅还没有煮熟，这等于没吃！补充点评2008年8月13日：补充一点，很重要的是旅馆早餐的咖啡实在是难以入口，建议好好改进，这应该不难吧。,2,0.8,htl
酒店房间还可以，床也比较舒服。空调声音很小，完全没有感觉，不过温度实在太低，我调到26度还是感觉很冷。卫生间比较小。服务员在请勿打扰的情况下还会敲门询问是否要洗衣物或打扫。交通很方便，到火车站才6元。结帐速度还比较快，打车也很方便。,2,0.9,htl
"感觉还可以,就是房间的隔音效果太差了,隔壁用衣桂,这边声音很大.周围饭店不多,不过对面的浴足店非常不错!临走结帐很慢,有急事就惨了!",2,0.9,htl
房间还不错，卫生还行。只是隔音较差，走廊说话声音直传到房间。,2,1.2,htl
定的国庆长假3号、4号的房间，从上海过去还是比较方便的，沪宁高速苏州绕城高速出口，开到巴城下高速左转，一直开到头再左转就是湖滨南路了，往南一直开就可以看到酒店了，酒店在大上海高尔夫度假村里。可能因为是长假人多，我们早上11点不到拿到房间钥匙，可是前批客人用过的房间还没收拾过。打电话给服务中心才派人来。房间比较大，比一般的套间大，厨房设备还不错，有些装修因为时间长了有些旧或者脱落了。酒店外面环境是不错，非常安静！第一次打高尔夫练习场，满有意思的，价格也还可以。下次全家再去，度假好地方。唯一的不足，其他娱乐设施没有，吃饭不方便，我们开车开了10多分钟去吃早饭。,2,1.7,htl
酒店的环境还是挺不错的，一大片的高尔夫球场，绿色的草地让人心情很爽！旁边就是阳澄湖。房间还可以，略显陈旧！在酒店吃饭不是太方便，只有一个会所可以吃饭。隆重介绍高尔夫：练习场不太贵，30块30个球一个杆15快，大家可以试试，挺好玩的。总之度假首选！[酒店在大上海高尔夫球场里面]不是太好找！,2,0.9,htl
感觉马马虎虎。1、前台服务不错，听说我们要7:00出发赶7:50的飞机，主动提出6:30给我们准备好早餐（正常时间是7:0开始）。2、门童服务不好，俩人就知道躲在门内取暖、聊天，不主动询问客人的需要，酒店打车不方便，门童叫车半天也不来。3、价格还可以在实惠一些，特别是象现在这样的淡季，不应该这么高。,2,1.3,htl
一般的4星左右水、的来呼呼。格太。,2,0.8,htl
酒店设施比较新，环境也不错，能看到很漂亮的海景。餐厅服务一般，我们下午1点半到酒店，餐厅就没有什么可吃得了，想点的菜，基本都没有。补充点评2007年8月9日：ATM机还是坏的，仍然不能取款，不方便！,2,0.8,htl
"酒店的位置还不错，尤其对于到光大会展的人步行几分钟就到了，价格也算是合理。但是携程的优惠幅度太低了。房间装修味道太浓,走廊里没有地毯有点吵,其余还可以.宾馆反馈2008年4月30日：尊敬的宾客：您好！感谢您对酒店的认可与评价。关于您提到的房间装修味道太浓，因酒店现正处于地毯更改地板的工程，给您带来的不便，酒店深表歉意！酒店全体员工会一如既往为所有宾客提供优质的服务。酒店期待您的再次光临，谢谢！",2,0.9,htl
交通方便，环境还行，就是酒店整体服务水平欠佳宾馆反馈2008年4月24日：您好！感谢您对酒店提出的忠恳的建议，酒店会加强内部的管理及各岗位的培训。为您提供优质的服务，一直是我们的宗旨，我们会秉呈这个宗旨，让您满意。期待您的下次光临及更多的建议。谢谢！,2,1.2,htl
这家酒店非常不错硬件方面比较好，尤其卫生间比较有特色，是干湿分离的，而且是用玻璃隔断的，视觉上比较有现代感。事实上这样的卫生间布局是比较占地方的，需用面积比一般的用大一点，所以给人的感觉不错，而且两人入住的话，在使用上不会互相影响。,2,0.8,htl
房间环境不错，餐厅环境和口味都很一般，其他设施，游泳池没有，服务只能给到3星。价格不便宜。1个优势，下马陆高速就是，而在嘉定很出名，好像是因为F1，因为价格贵，所以比较好找。在哪打车，都知道这个酒店。,2,1.2,htl
酒店经营一般，但交通便利，价格公道，早餐不太好,2,1.2,htl
还可以，就是ＣＴＲＩＰ上的酒店优惠价格现在优势不大，很多酒店前台也拿的到，ＣＴＲＩＰ的价钱．有时候还能便宜一些．,2,0.9,htl
周围环境还可以，购物方便。房间也是不错，当时我预定的商务间，就是考虑上网方便。但是有时候网络总是偶尔会断。由于它那是一栋及商务于一体的大楼，偶尔还是感觉不是很清静。不过总体还是不错的。,2,0.9,htl
漯河当地人称这里是漯河最高档的酒店。房间很新，很豪华。早餐一般，不够丰富。网络比较差，经常没有反应。地理位置在漯河的东郊，偏得厉害，不过漯河很小，打车20从这头到那头足够了。晚上出名对面黑洞洞的体育中心，左面黑漆漆的国道，右面黑漆漆的空地，很是渗人。附近没有什么吃饭的地方。,2,1.2,htl
这是一家国营的宾馆，感觉一般般！设施比较陈旧！,2,0.8,htl
房间还行，就是淋浴不好，水太慢了，希望改进一下,2,1.2,htl
酒店设施一般，但是前台和客服，行李生都很尽责，而且还给客人免费升级房间,2,0.8,htl
房间服务还可以，只是离展馆有点远。在广交会期间，价格高也可以理解,2,0.9,htl
"08年5月2号入住,9号楼真的很不错,房间、走廊都很宽大，感觉很舒服。房间外的花园也很漂亮，吃的就一般拉。晋祠正门外次序混乱，实在没敢停车（本想看看晋祠大正门建筑），旅游环境实在太差。",2,0.8,htl
房间太旧了，服务一般，倒是桑拿那里超级大有如对外经营的一样。地段还可以，其它就没有感觉了。,2,1.3,htl
"辰光在邢台还算是不错的酒店,起码比邢台宾馆强了不少.虽说离4星标准还有不小的差距,但是对于邢台这个经济不发达地区就算不错的了.地理位置一般,距离火车站打车8元,交通还算方便,但是不够繁华.房间还算整洁,客房服务业比较及时.宾馆晚上10点到早6点设置免骚扰电话功能,很人性化.隔音比较好,有一个良好的睡觉环境.",2,1.2,htl
房间较新，面积也较大，服务不错，总之还行,2,0.8,htl
黄金周前的房价还行的，作为一个县城的酒店，硬件设施应该算是相当不错了。由于同学的老人管帐，看了房间后与同学耳语太贵，当得知交的钱是押金后，立马对房间设施赞不绝口！呵呵！停车场车位充足，一楼中餐厅价格很便宜，味道尚可，就是量少点儿。在安吉这种地方，这样的标准相当不错了，就是价格还应该再降15％左右就更具性价比了！,2,1.2,htl
酒店总体还是不错的。比较上次住的太平洋，差不多的价格硬件设施明显好很多。早餐还是一般般。最受不了的是居然只接受银联信用卡，国外的客人一律付现金...,2,0.8,htl
住了几次了，价格倒还可以接受，不过在这里觉得再低些可能会更有竞争力。不过，令人惊奇的是：3天内在房间里打死了2只蟑螂！,2,0.9,htl
08年的清明节入住，房价200，不包早餐，包机场接送（就冲着这点订的）。第一天房间送4个苹果，第二天没有，问服务员，大曰第一天才送。后来还是送了2个苹果。房间条件还可以，最好的是网络插口在床头，而且配备的网线超长，可以拉到马桶（适合某些方面耗时较长的同志使用）。卫生间很大，沐浴设施完备，很诱惑本不宜沐浴的宾客使用。不过床垫的弹簧感觉明显，而且宾馆位于市郊（不过拉萨也不大）。,2,0.9,htl
房间总体环境不错，而且还有提供免费上网，现在入住价格还可以，不过现在可是大连的旅游淡季了．但是有一点：就是早餐不但没含房费里，而且３２元的价格也不低，但是内容实在是很简单．,2,0.9,htl
"性价比还可以,装修设备都挺不错~就是有些房间没有窗户~闷~还有就是有乱按门铃的~",2,0.9,htl
房间大小还可以，但设备比较陈旧，天花板低，感觉有点压抑．,2,0.9,htl
房间很大也很舒服，这个地段这样的价格包括免费网络还是很吸引人的。服务一般，早餐不错，算是对得起价格。只是有一点非常抹黑，门卫和部分X牌照小公司出租车100%有猫腻嫌疑，去机场严重绕路。此处暴光一下我所遭遇的车牌号为：AX1619，老外都看出绕了，真是给上海丢脸！作为一家四星级酒店，着实不应该有这类情况啊！,2,1.2,htl
还可以，升级了行政楼层，房间一般，新但不算大。洗手间比较大，淋浴和泡浴分开，这是我升级的原因，因为宝宝喜欢泡浴。但五星级没找到有泡浴的浴盐有点失望。可以挑花香枕，但没挑，怕小朋友敏感。逛街还是很方便的。,2,1.7,htl
大床房的大床象在家里一样舒服，环境好。早餐品种不多，味道还行。,2,0.8,htl
"酒店大门正对一个十字路口,还算比较好找.大厅中规中矩,大床房内部装修和服务都感觉一般.晚上会有电话骚扰,如果要赶虹桥机场的航班,此酒店还算不错的.",2,0.8,htl
房间设施和卫生还可以，但不幸的是酒店2楼还是3楼是歌厅，即使在6楼，夜里也可闻歌舞声，另外就是晚上有骚扰电话。,2,0.9,htl
"总的来说不错,但是茶楼不怎么样!行政间台士电脑还可以,上网速度超快.",2,0.9,htl
"卫生条件还行,价格也还可以,酒店人员的服务态度也还可以。可付费使用的个人卫生用品(全棉内裤、袜子、无菌毛巾及安全套等)准备的比较齐全。不足之处是房间隔音太差，隔壁和走廊的动静听得一清二楚，而且隔壁吵到很晚，影响休息。另外整个房间没有地毯，但卫生间的门口至少应该放一小块，用于吸水和洗澡后防滑和吸水。",2,1.7,htl
1）交通便利，到津滨高速入口5分钟的车程2）对面就有不错的饭店，而且距离超市也不远3）房间内设施一般，卫生间装修比较粗糙，浴盆的地漏不畅,2,0.8,htl
和LP一起订的度假，发现三合比较紧俏，于是赶紧下了订单。在三合感觉中国人绝对是“少数民族”估计老外对这个酒店可能比较熟悉，早餐是在酒店外（第一次这种体会，呵呵），出门向左50米（路对面），叫阳光和酒吧。只有第二天早上看到一对中国人，其他全是老外，感觉有点奇怪。早餐内容太少了。酒店内比较别致，很有古城的味道，房间内的家具比较紧凑，不过两个人住应该还好了。热水似乎不行，放了很长时间都是温水。电视奇高无比，晚上看会电视脖子酸，信号也一般。不过如果是体验古城味道，的确是个不错的选择。,2,1.2,htl
房间不大，布置还行。里火车站较近。（打的9元）,2,0.8,htl
福建山水大酒店1、看来升4★还是有道理的，服务不错（专人接待和洗衣能比较及时地送达）；2、早餐的皮蛋瘦肉粥不错（尽管第三天早上的有点糊味）；3、二楼的餐饮值得推荐（招待客户时）；4、设备比较齐备，有棋牌室，尽管没去打麻将，看了看环境还可以；5、地理位置不错，窗户对面居然就是－洲际酒店，但打车比洲际方便很多；6、房间上网速度不错，有600KB/s的样子；7、不足嘛：A、福州酒店好像都是一样的问题－－房间购大，但厕所比较小，尤其是马桶的Size……；B、二楼的餐饮无商务套餐，结果比较浪费（按单人50元餐饮计算），已提过此建议，不知是否会改进；C、房间窗户隔音效果比较差。我住在16楼，第一天刮小台风，窗户震了一夜。第二天白天和第三天白天，楼下某车警报器发癫似的直冲云霄……好在房间有个小音响，开到3/4格音量放着摇滚，感觉居然还不错……D、明显存在的问题：8号中午一点多结账时，结果结账的地方才1个人（而且还在忙着统计“对账单”），同一个柜台的接待处却有3个人，而此时并无Checkin的客人，但接待的3人“无动于衷”……（为赶回来看奥运会开幕式，只好要求她们加快或来一个人来帮忙）结果又遇到刷卡有问题。我还没急，结账的那位却风风火火只会把卡左刷右刷的刷了n次（完全无视系统的“报错提醒”）我再三提醒看“请看看是什么错误信息”，才知道是余额不足。只好分别回房间和到商务中心，共转帐二次，结果还是刷卡错误－－回来后问银行柜台咨询才知道是：因为短时间内刷卡太频繁，银行保护把卡锁了……其实：中午时间本来就是CheckOut人比较多的时候（从我开始结账到结账完毕，共有四位客人在Checkout，却无人Checkin），前台人员配备明显不合理；如果结账的那位女同志仔细一点，发现刷卡有问题时多看下提示，就不会耽误客人如此多的时间，而且不会导致锁卡（好彩为看开幕式归心似箭，提前了1个小时CheckOut，否则……）；出现问题时，请冷静点处理，居然比我还急（尤其是她那说话的声音又高又尖又快），如果我也象她那么样急一下，不吵架才怪……当然，酒店的服务从始至终，包括最后处理卡问题时知道换另外一位接待来处理，服务态度还是可以接受的，总体上此酒店还是值得推荐的，希望能百尺竿头更进一步。最后，携程的价格比我在前台听的某价格贵了少许，虽然我接受了此价差入住了，但携程还请加油！,2,0.9,htl
地理位置比较市中心，早餐厅品种比较少，服务一般。,2,0.8,htl
"怎么说呢?勉强够五星吧,不过在小城市里,应该是不错的了.位置是好的,交通也好,景观也好.早餐一般般,主要是入住率很低的样子,没什么人吃,自助餐东西放不多也不怪了.遇到的最大的问题-我们住了两间,一间我带孩子,一间我父母,第一天在9楼,面江,结果当晚4楼的歌舞厅吵得不得了,居然要闹到午夜2点,我父母吃了安眠药还不能入睡,半夜里要求换房.换到16楼不面江,安静了.不过这么折腾一下,几乎一夜没睡.16楼是好一等的楼层,没有要求补差价,但这是酒店造成的原因,所以也没什么不应该.",2,1.7,htl
十一入住了春晖，龙熙和度假村，另外也去了九华山庄。九华不是在携程定的，就不说了。一春晖在顺义，交通一般。周围环境还算可以，是农田。但内部环境一般，最起码没有想象的好。施工是一部分原因。度假村的整体设计一般，布局不合理。比如，康体中心设在大门口，而宾馆在最里面。我想这是分期建设的原因，也不好改。,2,1.2,htl
早餐食物相当一般，跟其服务水准不相符，希望进一步改进。,2,0.8,htl
服务还可以，就是房内设施太陈旧。早餐比较差！,2,0.9,htl
"太美了,但房间一般,携程房价好象有点贵,晚上没事做",2,1.2,htl
"一个非常不错的太湖边酒店,我的运气不错，本来订的是一般房间，结果被升级到了行政套房.酒店拥有绝美的风景，太湖就近在眼前,早上起来或者下午的时候，坐在房间里喝喝茶,看看风景别有风味.不过，似乎这个酒店住的人比较少，有点冷清,而且周围吃喝不大方便，开车出去要10多分钟，才能找到吃饭的地方.",2,1.2,htl
"入住了一晚,感觉携程的价格和自己打电话预定的价格相差不大,没有优势.订的是3号楼所谓行政楼的豪华园景房,结果住下一看,窗户对的是酒店内部的马路,根本没有园景看看.所以要么直接订湖景或者是经济房.酒店更象是度假村,娱乐设施全,中餐厅的风景不错,全景玻璃对着太湖大桥.但价格不好.如果吃饭,不如去西山镇上吃.房间设施还可以.点评",2,0.9,htl
印象最深的就是他们的床，舒服，大而柔软，睡过那么多床，他们家的可以算是最舒服的了，这也是我为什么会一直去的原因，可能也是唯一的原因吧！房间不大，属于小的，套房内的卧室除了一张床，电视机都是放在矮阳台上的，因为实在没地方了。外面在修路，周边环境一般，要吃饭或者是逛逛，都不是很方便。听说是美国一家高级连锁酒店，所以配套都比较规整。,2,1.2,htl
我已经超过十次入住该饭店，交通很方便，公车计程车搭乘方便，但是厕所较小，其他还行，建议宽频应该免费。,2,1.2,htl
"酒店地段较好,打的去淮海路也只要20元左右。只是门面很小，幸亏招牌字够大，否则打的从浦东机场沿浦东大道过来时差点找不到。房间设施新旧中规中矩，就是奇怪好象房间高度很低，因本人个子较高，总感觉要碰到房顶。第二天早上要退房时才发现进门的地方有个厨房，实际用处不大，在里面藏个人到是隐蔽。",2,1.2,htl
第一次住这里，一下呆了10天。总体而言还不错。房间：按经济类型的酒店来说，房间还可以，设施比较好，有独立的电脑，就是网速比较慢，但是有这个配置已经不错了。就是我住的房间烟味比较大，对于不抽烟的人来说，较为难忍受。值得提一下，我住的奇数号房间这一侧十分安静，这一点值得赞赏。环境：周边交通还比较便利，打车还算方便，吃的地方稍微少了一点。就是周边“鸡”店太多，还好我住在酒店没有一个骚扰电话。服务：不错。打扫及时，只是有一次我希望用自己电脑上网时无法连入酒店宽带，上来一个服务员也不懂怎么弄，少有遗憾。总体而言，久悦是不错的选择，只是以后能不能想办法让房间里的空气更清新一点呢？宾馆反馈2008年6月29日：很感谢您对我们酒店的肯定，您提出的宝贵意见我们一定会认真改进，为您下次入住提供更好的服务！,2,0.9,htl
"位置非常接近浦展;然是二面路,但相,不有太多。服素一般,只是早餐相差,只有:吃或不吃",2,0.8,htl
我们住的是商务标间，房间的面积还可以，但是不是很通风，有一股说不出的味道，而且隔音效果很差，基本上可以听到隔壁的人打呼的声音，很不舒服。早餐可以吃的东西太少了，但是味道还可以。离展馆不是很远，走路差不多20分钟可以到了！下次如果参展还会考虑入住！但是千万不要住公寓房和套房，有水泵的声音，一整夜响好几次，根本没有办法睡好！,2,0.9,htl
"房间内还有前面房客的口香糖在地毯上,无睡衣位置偏其它还行,一楼餐厅还好.",2,0.8,htl
房间还可以（我住的是二十一层），但空调不太好--温度不好调节以及噪音不小，淋浴水量也不是很大。另外就是酒店电梯太少了，只有两部可以用。每次都要等好长时间才能等到电梯。下次估计不会再住了,2,0.9,htl
性价比挺高的一家酒店。我在网上订的是普通标房，到那边他们给我的房间好象是豪华标房。挺好的，有一个阳台，正对春晖公园，湖光滟连。房间也挺宽敞的。早饭一般，品种不多，但是也能吃饱了。总体觉得不错，以后还会住。,2,1.2,htl
6月30日入住的。房间总体还行，就是有点旧。周围环境较好。服务方面，门童帮忙开车门倒是挺勤快，可惜不知道帮忙拎行李。特别表扬早餐比较好。总的来说，感觉可以是3星+的标准，但算不上4星,2,1.2,htl
现在去无锡经常入住这家酒店，环境不错，因为不是太湖风景区，所以自驾车的朋友比较合适。不过，送餐服务的品种似乎减少了，也不过只有两三个品种，建议酒店改进一下，酒吧的感觉不错，还可以打桌球，感觉比较的轻松宾馆反馈2008年7月30日：非常感谢阁下给我们酒店提出的宝贵意见，送餐问题已向酒店餐饮部经理反映了，如果您有好的送餐品种建议，下次也可直接与我们销售部联系，（分机8708）届时会有小礼物赠送哦！！期待您的下次光临！！！,2,0.9,htl
酒店离码头太远，建议有班车接送，房间硬件还行，早餐较差。,2,0.8,htl
离外滩五分钟步行即到，而且正对着外滩观光隧道，想到东方明珠和金茂游玩比较方便，去南京路也相对近。这次订的是没有窗户的大床房。房间空间较小，但尚算可以接受，因为只住一晚的缘故。但酒店的空调和热水壶都出现故障，上海的节能工作做得真是好，连基本的空调环境都达不到。住在房间里不知天黑天白，因为没有窗户，所以第二天几乎睡到十点，要早起的朋友一定要记得闹铃。洗手间是整体浴室，空间刚刚好，洗手台面比较小，其他尚算可以接受。总的来说，中规中矩。如果喜欢住在外滩附近的朋友可以考虑选择。还有一点值得表扬的，楼层设置了公用电脑可以上网的。提供了方便。,2,1.2,htl
前台接待服务素质需要提高，登记时等待时间较长，房间还行，,2,0.8,htl
位置还可以，就是难找了点，在胡同里。入住手续较快，房间还不错，比较新，当然，隔音稍微差了点。总体还好。,2,0.9,htl
"酒店的环境很不错,空气也好,房间的设施总体还行,就是卫生间在楼下,半夜起来上厕所实在不方便要走到楼下.酒店比较远一定要有自驾车才能进去.",2,1.2,htl
"酒店员工都很亲切随时报以笑容，但是酒店不算新了，早餐品种单一，每天都一样，晚上的自助晚餐菜品也一般，信价比不高哦，还不如打车去滨海路的餐厅吃，好吃又便宜。酒店spa,健身中心，大堂都非常的普通，游泳池也不算大，不过酒店对面就是私人海滩，可以在海滩边消磨一天，还是不错的。",2,1.2,htl
住了一个晚上的大床房，总体感觉不好不坏。房间是超级大，还有吧台，不过对我来说没什么用处，装修感觉不够轻松。刚进房间放下包就有小姐打电话来问需不需要按摩服务，让人怀疑是不是酒店有什么猫腻。卫生间洗澡水超大，但是洗浴用品比较少，不过有一大堆乱七八糟的东西像什么安全套，一次性内裤，子等等要收费。地理位置倒还不错，交通还算方面。还有一点，早餐比较一般，而且位置太少了，等个位置吃早饭等了好久。补充点评2008年7月13日：忘记说了，房间内打长途竟然还要钱，而且宽带上网巨慢。,2,1.2,htl
整体看还行，只是相对这个价位，酒店提供的服务还不够。早餐太简易。所谓的湖景不湖景的根本没有区别，因为看不到。,2,1.2,htl
"设施比较陈旧了,但携程的房价确实比实际的门市价便宜了很多.离蓬莱风景区比较近.住的商务大床间,屋子很大,其他都很一般.",2,1.2,htl
澳门本来就小所以地理位置没什么好说的所有码头都有开往各大酒店的巴士这间酒店大堂还可以房间一般而且没什么景观可言里面的菲佣招待好像听不懂普通话只懂粤语和英文.我倒是看见渔人码头里有一家新开的白色建筑酒店西式的英文名叫Rocks&Hotel面对大海和大桥.想必还是不错的.有意向的朋友可以一查.,2,1.3,htl
端午节去玩的，一直忘记评价了，呵呵地理位置：酒店的地理位置交通还算便利，不过去西湖还是有点远，走路的话还是颇痛苦设施：一般吧，装修比较久了，但设备还是比较齐全的交通：门口有不少公交车站，算方便服务：这个觉得比较一般，checkin和checkout的时候都比较久，期间多人退房的时候明显感觉手忙脚乱总体感觉，还算值吧,2,1.2,htl
酒店里面是新装修的，稍微有点味，服务员的态度还好啦！早餐很一般，如果是到杭州旅游的旅友们的话，建议入住这里，价格也比较实惠。,2,0.8,htl
行政房间太小。不过还算可以。所谓湖景房，实际上看不见湖的。离西湖起步价。也不算近。其余的还可以吧。,2,0.9,htl
"离地铁站真的很近,4号出口对过就是,服务上还欠妥不够主动,其他还行,和价格比较符合.",2,1.2,htl
环境还可以，就是空调太差，没什么温度。热水器没法说了，洗一半热水就没了，后面烧2个小时水都不热，换了房间还是如此，烧了一整夜第二天早上才有澡洗，我想我不会再去那了。,2,0.9,htl
我每次去都是要1011这个房间，可能是原因比较宽敞吧，房间有宽带，但是不是免费的，这个宾馆很容易和一天下的宾馆搞混的，好多司机都不知道路的，洗澡水不是很稳定的，一般很快就会变冷的。交通还是方便的，门口就是汉中路地铁。收费的时候告诉服务员刷信用卡，结果还是收了现金，没劲。,2,1.2,htl
"酒点店的大堂和内部非常别致,如户外休闲的感觉,价格在全国范围内还可以,但略高于同级城市,服务还需在提高,总体印象基本还不错.",2,0.9,htl
是在2008年4月27日入住的。订这家酒店是因为想在深圳市区待上一天，在携程上看了酒店的介绍，觉得价格还算公道，也是家四星级的酒店，特别是因为是深航和锦江的牌子，才决定定了这家酒店。入住后总体感觉是还可以，但是也有一些地方不是很满意：1。酒店的设施有显陈旧，当然不是古董的那种，只是略显的旧一点点。2。酒店的门童的态度不是特别的令人满意，不会及时地为客户开汽车门。3。酒店的房间靠街道，有一点点吵。以上就是我个人的感觉了。当然，总的来说，还是不错的，性价比高，离机场近，景观不错。,2,0.9,htl
酒店的位置一般，双塔中的一个竟然和写字楼共用一部电梯。环境服务都是高水准，早餐不错。,2,0.8,htl
"本来订的湖景标房,到了那问我要不要大床房,反正偶就一个人.进去之后觉得大得有点空旷,电视机离最近的床沿当中有3米.显得电视机小了很多.感觉还行.就是大堂有点土气.樱花酒吧就不要去了.环境真的是闹中取静,隔壁是个蛮大的夜总会,不过除此之外,在15分钟步行范围内,没有什么商业设施,晚上走在路上觉得空旷渺无人烟,当然花花草草还是很多的,是有个湖,不过湖景么....",2,1.2,htl
交道便利，近民航售票处，房间大整洁，但早餐实在一般。,2,0.8,htl
"我在南宁最喜欢住的酒店,虽然说老了点,但软环境还可以,离机场大巴近,早餐和自助晚餐都还不错.",2,0.9,htl
1.酒店可以修改帐单.可以在餐厅和商场消费.2.早餐一般.,2,0.8,htl
我并没有实际前往，而是帮我经理预定的。但是我经理回来对这个酒店评价还可以，和我说NOBAD，我想应该还是可以的了。,2,0.9,htl
住了多次，感觉还是一般。灯光太暗，配置较简单-美其名曰：环保。,2,0.8,htl
"服务态度比较好,很亲切,早餐品种也比较丰富,只是味道不是太好.房间设施一般,毛巾看上去有些陈旧,周围吃饭的地方比较少,因为在开发区,离市区还是有一定距离,总的说来还行.只是济宁这个地方好的酒店也不多,所以相比较而言,这里还值得入住.",2,1.2,htl
阳台观景不错，可惜房间内设施很一般。没有地毯只是地砖铺设，床也比较硬。尤其是厕所，散发了一个晚上的味道。。。感觉只有三星的水平，不过酒店前台的寄存服务还可以。,2,1.7,htl
"这个酒店的房间有点旧啦,估计开了有好几年了,房门要两个人里外合力才能打开.周围环境不怎么样,建议以后还是住海边那片的房比较好.服务态度还行,餐点就实在不怎么样了.以后不为了省钱还是别住那儿了",2,0.8,htl
尽管外观一般，大堂一般，房间硬件却是绝对一流的。订的是418元一房一厅带桑拿的房间，是至今为止所住国内性价比最高的房间，比很多五星酒店更大更豪华和更舒服，商务之星的经营和管理确实有一套，一楼的自助海鲜晚餐才48，比广州68元的怡景西餐厅还好，服务、环境和食物都是超值的，推荐。早餐品种较少，酒店周围环境较差，后面有超市，还有一家湛江风味一家湖南风味食肆，地下停车场奇差，服务生和门童服务较差跟酒店内的服务天差地别，整个酒店都在说普通话，呵呵，广州人有点不适应。补充点评2008年2月25日：418的房间有68平米，一房一厅双电视（要是液晶就好了，呵呵），超大浴室双人浴缸大淋浴房带双人桑拿房，2x2大床，房间日送4瓶水，一家三口去的，加被子毛巾浴袍浴巾要多少有多少，拿来还是暖的，到处都有很到位的服务，宵夜送餐那是相当的便宜，周3、4、5、6凭房卡下午茶免费，有水果蛋糕点心茶和咖啡,2,1.2,htl
非常不错的酒店，外观一般，不过对面就是皮革城，相信很多人都去购物了吧。酒店还主动给女同事换了圆床房，算是意外吧，不过可能最近是淡季吧，总的感觉不错，下次可以继续住。补充点评2008年4月1日：最近携城的员工越来越多的犯错误，非常不专业。很多以前可以预定的酒店也没有了，预定的价格似乎更小了，是不是携程被收购的原因，有问题啊。,2,1.2,htl
"酒店环境还可以,相对在这片来说,大门面对校园内,非常幽静,晚间还可以散散步.吃饭也倒方便.室内陈设也还不错,但房间较小,不太通风.",2,0.9,htl
六号楼是龙岩地区目前最好的宾馆，硬件很新，服务也还可以，感觉很不错。但美中不足的是暖气不行，晚上冻醒，希望改进。宾馆反馈2008年3月12日：感谢您提的宝贵意见，宾馆已经针对您的建议作出改进。期待您的再次光临。,2,0.9,htl
位置不错...到八万人体育场也不远..就是高层公寓吧，服务没什么特别的因为都没带酒店里，呵呵,2,1.2,htl
酒店的园林很漂亮，中式园林很大，只是没人保养，都是蛛网，唉，5星酒店啊，怎么管理的。酒店有很大的室内游泳池，还有儿童池，训练池，排场不错，想必维持费用也很高。酒店大堂里有很多石雕，很漂亮。标房房间够大，够5星。服务员也是微笑服务，但总感觉不自然，5星的标准还要加强培训啊。早餐总类不是很多，单够一般的选择了。酒店位置到镇上步行15分钟，稍微偏了点。总体印象不错。,2,1.2,htl
万豪是国际明牌酒店，前台服务总算合格、态度良好。然而可能是重庆的关系，这家房间质素非常一般而已，旧、小、设施普通。按这房价在重庆的CBD解放碑可以找到房间质素高很多，但价格要便宜多的。最值一提的是酒店大堂旁的西餐厅，中午自助餐可能由於没什么生意，食物新鲜度及服务员劣质的服务态度加上重庆顶级五星收费，会叫你马上决定别再考虑走进去。在重庆解放碑已住过好几家五星，建议若则重品牌的住客，相若的房价，选洲际会发现相差很远，物有所值。,2,1.2,htl
总体感觉还可以，对得起它的星级。房间比较大，就是卫生间太小，不太相称。,2,0.9,htl
"房间很大,床很舒服。有个天井,很奇怪,影响手机信号。早餐一般般,应该还能更好些。",2,0.8,htl
这家酒店在滨州算是最好的了。整体服务水准还不错。房间一般，没有留下太深的印象，自助餐还可以，值得一吃。,2,1.3,htl
酒店的位置在一条坑坑洼洼的路旁，正好这两天下雨，基本上只能打车，走路很难，滨州的环境实话说都是很一般，房间大小一般，服务不错，我住的411，正好在雨蓬边上，基本上雨声不断，酒店的美女领班给我换了一间311，至少听不见雨声了。不过这个房间的窗户好像是摆设，打不开，看不到外面的。不过服务的态度不错！滨州也没有啥可选择的！,2,1.2,htl
位置不错，房间设施也好。房间窗户稍微小了点，如果能改造成阳台或者飘窗就好了。早餐有点过于简单。性价比一般。浅尝辄止。,2,0.8,htl
"我入住的时间是9月7日到9月10日,528元一天携程价，这是个标准三星级酒店，和照片里的大堂环境相去甚远，没有给我两眼一亮的感觉，但它送双早餐的，地理位置不错，靠近海边和音乐广场，走到五四广场也就几分钟的事，房间的设施很普通，最后一天马桶坏了，第一天床单没有换过，掀开都是毛发，通知大堂后立刻来换了，某些服务生微笑服务的痕迹太过明显，不太自然，早餐还可以，和528一天的消费来讲，我觉得性价比不是很高,毕竟不是海景房。",2,0.9,htl
订的是豪华房，但是还真的挺小的。服务还可以，要求晚点退房同意的，酒店也有班车往返市中心。其实地理位置挺靠近铜锣湾地铁站的。就是后边的一片坟场，如果有忌讳就要注意了。,2,0.9,htl
地理位置不错，紧挨老街，酒店外观很有特色，房间小，但是古色古香，早餐一般，可以接受，总的来说房间价格公道。如果毛巾和被褥质量好些就更好了。,2,1.2,htl
酒店就在新世纪旁边，有网线，非常方便，房间很大，服务，设施都还行，比在贵阳住的三星好得多。,2,0.8,htl
"房间设施一般,周围的环境较差,房价偏高.",2,0.8,htl
"总体还可以,网线接口与桌面距离遥远且怪异,不知道当初设计时是怎么想的,要横夸半个房间;晚上暖气太好了,第一天晚上被热得睡不着,又不能象空调一样可调节;早餐没什么吃的,过于简单,顶多准三星的水平.不过在西宁据说算好的了",2,0.9,htl
位置离火车站有一段距离，该酒店服务还可以，就是入住时才发现窗外在施工，晚上大约23：00才停止，有点吵。另外卫生间有点小，早餐一般，,2,1.7,htl
整体环境还可以，离亚龙湾比较近。但近期一直在装修，一楼凌乱，给人感觉不太舒服。价格偏高。服务一般。,2,1.7,htl
设施较旧，但环境不错，价格还可以，没有早餐是件遗憾的事。,2,0.9,htl
整体上还可以，早餐不太好，不值20元，晚上点菜做的口味一般。,2,1.3,htl
酒店有些老，设施一般，早餐一般。位置位于火车站附近，但是周边环境有些乱。,2,0.8,htl
"过年回家时在这里住了一晚,离北站非常近.屋子比较大,设施还可以.早餐种类比价多,但是做得更精致点就更好了.总体感觉还不错.",2,0.9,htl
去之前看了一些评价，期望值比较低。但到了酒店后发现还是蛮不错的，应该说够五星级。欠缺的是卫生间实在太小（我住的是行政房），另外早餐品种偏少，陆羽厅的中餐服务一般。,2,1.2,htl
大堂、过道、房间都不错，但卫生间实在与挂牌五星不符，没有独立的淋浴房，只有浴缸配浴帘，作为一个新建的酒店相当落伍。整个山庄感觉类似于一个别墅住宅小区，环境还不错，但也没什么过人之处。早餐偏中式的，品种不多，一般般，五一期间，客人太多，要找个位置都不容易。去用晚餐就被告知没位子了。临安安吉这一带好的酒店少得可怜，陆羽山庄似乎只能是不二的选择了。,2,1.2,htl
我是十一入住的，酒店已经进入淡季，整个酒店只有一个餐厅营业，而且一大半的菜都没有，二个小商店一个关门，一个连饮料也没有，只有矿泉水喝牛奶，很让人失望，不过房间的确不错，服务一般。,2,1.2,htl
房间蛮合心意，早餐也很丰富，附属设施一般。周围的环境比较差，不过还算有几个小吃店能对付一顿简餐。,2,0.8,htl
隔香格里拉很近，很方便，不过我门一般是去香格里拉，那次没房了才去的，感觉好算可以,2,1.2,htl
酒店位置较隐蔽，不过胡同口就有其它的大酒店所以打车还算是方便，离王府井也不远。标准大床间，房间还行，在北京来说性价比不错，比如家强，房价大，舒服多了，而且很安静。服务还不错。,2,1.2,htl
大堂宽大豪华，服务有水准，装修一般，因为是十几年以前的建筑（92年邓公南巡后菲籍华侨郑周敏投建，滥尾至近年才投入使用），标间不够宽大，所以两张床要挤在一起。所配Hisense冰霜有嗡嗡声，对我来说有影响。我们家里的冰箱都是制冷的时候才有响声，为什么这台冰箱总在嗡？南侧紧邻西苑公园，早上有早锻炼的音乐，所以有睡懒觉习惯的人别选南侧房间。,2,0.8,htl
住过几次，感觉还可以。但这次竟然晚上冷的睡不着。穿上毛衣毛裤，盖了3床被子，夸张吧？空调里也是热风，但房间温度就是低，而且外面也不是很冷。真是想不明白。换了一个房间，还是一样。只好退房了！,2,0.9,htl
地理位置优越，临近步行街和长沙的酒吧一天街，出去玩非常方便。房间空间还不错，早餐马马虎虎,2,0.8,htl
作为一家经济型酒店，其最大的优势是地段，出门就是酒吧一条街、步行街，如果你想晚上去逛一下，走一下、玩一下的话，出门便是。标房有三种，推荐入住豪标，216元。但预定的时候最好要求大床房。否则可能给你一间带麻将桌的。不太方便的地方一个是酒店大门不太好找，第一次找了一圈才找到。而且进了大门，得先坐电梯至七楼才是总台。早餐一般，东西不是很多，而且是7－9点才有，结束的好像早了点。但对一家经济型酒店来说，总体感觉还行，对于216元的价格来说，还是比较超值的。,2,1.2,htl
入住了“高级房”，但是觉得房间硬件一般，不是很宽敞。服务还可以。,2,1.7,htl
虽然说酒店的房间有分散之嫌，但那种民族特色真的还很吸引人，价格也能让一般的游客接受！我喜欢,2,0.8,htl
酒店挺大，也很有特色。主要是位置好。离洋人街很近。可是酒店房间不能上网，比较郁闷。价格一般。,2,0.8,htl
银川不大，携程上就只找到8个酒店，一眼看中了绿洲酒店，因为价格不错，248元就有豪华房，而且可以上网，不能上网的我都不考虑！入酒店之后发现房间市价为388，前台给安排的9层，上去一看，不由感叹了一下，房间确实很大，一张大床一张单人床，视野相当开阔，酒店所属地段相当的好，设施齐全，房间冰箱里的食物也不是很贵，只不过去的那天正好是哀悼日，什么电视啊娱乐啊都没有！酒店对面街道里左手边有一家烧烤小店名叫《变态烤翅》有个叫狂魔烤翅，不怕辣的都去试试吧，老板宣传的口号是-专制各种不服，如果有机会的再去银川我肯定还要住这！补充点评2008年5月22日：我住的是9层，门卡一天后好象要重新激活，早餐10元不想走出去吃的话也还行,2,1.2,htl
在青岛，这个酒店真的只能说是很一般，位置还可以，但门口非常不好叫车，其实等着很多车但只去机场，市区短途的他们都不去，礼宾部也视而不见。服务来讲在沿海城市的众多酒店中很一般，没什么特色。相信在青岛有很多更好的选择！,2,1.7,htl
总的来说比想象的好，房间比较新，宽带速度还行，交通也方便，去火车站可在门口乘1路11路车。离宁夏有名的小吃国强手抓仅2站路，步行即可，乘1路车去也很方便，打车起步即到。旁边的青青商务酒店楼下有宁夏特产的小超市，感觉商品比较真，我和同事各买了几斤枸杞，挺好的。不足的是进入酒店就能闻到羊膻味，带机顶盒的电视很难操作，隔音不好。,2,0.8,htl
"不该是五星级酒店,该属于四星级吧!城区边,消费不方便,但真是个休息的好地方,性价比还可以.似乎服务跟不上,我们一行带了点东西到酒店,没有一个服务生主动来帮忙提箱子的.",2,0.9,htl
厨卫配备是实在可用的。地理位置不错，在深圳西边新城区，门口附近的便利店、卤水店挺方便。就是房间内装，虽明显优于一般的酒店式公寓，但相对于号称的五星级，还是略显简单、不够大气。,2,1.2,htl
别墅式客房，周边环境挺好的。别墅里面楼道有点黑，胆子小的还是别住了。室内比较简单，电视太小了，应该不是四星标准，靠虑到房价较低，也就凑合了。,2,0.8,htl
"房间清洁,服务完善,而且价格还可以.只是位置稍微不太好找,不过开车的话也无所谓了,好象广元的路也实在太难找了,比如去皇泽寺我都绕到了村里去了.",2,0.9,htl
"物有所值,但其预定车票的服务太一般,我给他们商务中心要求订次日到西安的卧铺票,除要收我30元订票费外还要收我他们订票员来回打的士钱20元,到头来也只能买到无座票,我只好不让他们订了(当然还付了20元的费),但次日我自己直接在火车站买了一张2120次到西安的卧铺票(票价80元硬卧上铺),并在上车后顺利换成软卧(当然又补了43元差",2,1.2,htl
房间一般，设施还可以，环境吗只能说还行，早餐还算丰富，在自贡嘛也没什么好选的了。,2,1.3,htl
雄飞假日酒店位置挺好，离看灯会的彩灯公园挺近的，从房间窗户看出去是一条河（江），满舒服的。房间设施还可以，比较满意。离四星级的标准感觉还有一点点差距，不过房价还是可以。前台的价是￥368，携程￥258，还不错。,2,0.9,htl
离沟口近，可以在窗口看到进沟的人流，房间还行，就是我要存包服务员不太愿意。,2,1.2,htl
酒店就在市中心区，旁边就是几个大的百货商场，比较方便。坐车的话公车就在酒店门口有站。打车的话就要和司机讲价，这个比较不好，因为海口的出租车管理混乱，讲价是普遍的现象。如果打表，表跳得飞快（怀疑被改装）。建议先询问酒店的工作人员到景点一般要多少钱，再去打的。我住的是标准双人间，房间的设备比较齐全，景观是楼景，晚上十点后比较安静。但房间的隔音好像较差，晚上睡觉时能听到走廊上发酒疯的旅客大声喧闹。房间内有预防艾滋病的宣传单，觉得,2,1.2,htl
酒店房间挺大，设施还可以，靠市中心很近。但是checkin速度挺慢的，要改进,2,0.9,htl
我入住的是商务房，感觉还挺不错的。不过空调一般，打开后好像都没有打开空调一样，还好我入住那天天气不错，开窗后感觉也挺好的。房间的洗手间是玻璃透明的，如果有人在，感觉很尴尬。附近吃饭的地方不多，没有逛街的地方。酒店附件并不是太繁华！,2,1.2,htl
开始预定的无烟房，到checkin时却告知无烟房没有了，晚上11点钟了，只能入住。其他服务还行。另外的问题时窗子总会发出卡他卡他声，晚上特别明显。如果是单身女人入住会被吓死的。另餐厅自助餐种类太少了。,2,1.2,htl
房间比较大，卫生也可以，对于这样的价位和地点，算是不错的了，网速一般，酒店比较新，整体满意,2,0.8,htl
感觉卫生还可以，交通方便，价格也便宜，就是房间没窗户.,2,0.9,htl
"酒店硬件一般,这么偏远的地方有这样也不错了.不过环境太棒了.海拔830米,凉快.有个大游泳池,水山泉水的,有些凉.不过自然啊,没有消毒剂..山下319国道到茶园15分钟车程..茶园餐厅手艺不错,价格也不算贵房间有小阳台,外面就是茫茫的森林..感觉太好了..避暑渡假的好去处..最好住顶楼四楼,视野绝佳..不小心说太多了,搞得自己象个托似的..哈哈....",2,1.2,htl
预订之后才看的别人点评，立刻感觉有点紧张，甚至都想取消预订。真正入住以后，才发现没有网友反映那么不好。房间设施还是可以的，灯光设计比较舒服，宽带上网、免费长话、房间服务都还不错，早餐也还可以。店前确实在修路，但没有那么恐怖，我住的临街房，双层玻璃完全可以隔音的，当然我是住在15层。打车也还没那么困难，只要不在早晚高峰，还是比较方便的。周遭餐饮也还丰富，但要走对方向。368的房价，相比安徽消费水平来说，的确有点不低，但总体还是可以选择入住的。,2,0.9,htl
订房之前是看了其它网友的点评的，所以对该酒店有大概的了解。总的来说，非常满意。我们一家是乘着孩子刚放暑假来玩恐龙园的，住的是700元/天的豪华大床间。房间很宽敞，设施齐全，特别是房间里还配了电脑，可以免费上网（网速一般）。一楼餐厅有中西自助餐厅和中餐厅，去中西自助餐厅用餐的人比较少，大部分房客选择在中餐厅，所以造成上菜比较慢，不过饭菜口味还不错。早晨有免费自助早餐（按房间实际入住人数，我门因为是两个大人一个孩子，所以给了三张餐票，没有出现需要补一份小孩餐费的情况），早餐品种比较丰富。去恐龙园需要凭房卡在总台登记，然后有专人带领进入。上午分9点、10点、11点三批，下午还有一批。需要提醒的是，上午九点之前退房的人较多，因此，如果希望跟9点的这批入园，最迟8:30就要到前台来排队办理。,2,1.2,htl
位置不错，市中心交通便利，环境又比较安静。酒店边上有一条街很多小吃店，比较便利。服务挺好，房间设施比较人性化。早餐一般，刚开始和快结束时，几乎没什么吃的。饮料很少而且供应量也不足。酒店有自己的洗衣房，速度很快基本上是当天能送回，而且价格也不算贵。,2,0.8,htl
我是本周5晚上入住假日酒店的，订的是海景房。酒店的周边环境很一般，所谓的海景也就是一个码头，和我想象的还是有一定的差距。周边的旅游设施也不是很完善。所谓的网球场也是冷冷清清。酒店的中餐厅味道不错，但是点菜的小姐缺乏职业道德。写菜的时候已经明确告知我要去掉其中的一道名为东江豆腐煲的菜，但是上菜的时候还是上了。不知道该酒店是怎样对员工进行培训的，2个人能吃4道菜吗？？？事后餐厅的领班还阵阵有词，让人感觉星级酒店和大排档没有太大的区别。,2,1.2,htl
酒店位置在SHOPPINGAREA，大门小，大堂小，大堂吧更小。房间设施不错。但是能听到一些外面的噪音。餐厅一般，价格不菲。如果不超预算，强烈建议浦东香格里拉。感觉完全不同。,2,1.2,htl
"刚刚从海天回来,住的东楼15楼的标房,窗户很大,坐在窗边朝左是海景,朝右是山景,海天酒店夹在东海路和香港西路之间,风景很是不错.如果选择住在香港路附近的,这家无疑是窗外景色最美的了.床和枕头都挺舒服的,厕所有些旧,但是热水很稳定,打开就有(人家是五星级的好不好!)15%的服务费贵了点,入住的时候你自己去找自己的房间,行李更是没有人管,这点有些愧对那么贵的服务费了.门童给叫得TAXI一律起步费10+1元，建议大家不要坐。自己走几步去街上叫，起步费8元。电视机是在是小了一点，大概才18寸的样子。离开前一个晚上会送2块小饼干，和一朵小野花。。。呵呵，酒店的吃的倒是不贵，就是+15%的服务费就有点。。。。。。总体来说还是很不错的选择。去各个景点都很方便，机场的巴士半小时一班就在酒店后门，没事在房间里发呆还可以看海，700块一个晚上。",2,0.9,htl
早餐真的太差了！！！房间设施还可以，就是临街一面太吵了,2,0.9,htl
酒店环境硬件设施不错，前台服务一般，中午结账时间前台财务人员却不在，游泳池对住店客人还要收费，有些小气。,2,1.2,htl
该酒店是沧州目前最好成绩的酒店.早餐还可以.房间也不错.不过就周围没有娱乐和购物地方...出门不是很方便,2,0.9,htl
"房间的装修还可以,早餐一般.位置离火车站也就一个出租车起步价.大堂看着很气派.",2,1.3,htl
"门前在修路,尘土飞扬的，又吵，第一感觉不太好。里面的设施、服务一般化，张家借这个地方，整体水平都不咋样，也算过得去了。",2,0.8,htl
"交通可以,周边环境一般.服务还行.但感觉楼道和电梯之间的布局不合理!!不过按照张家界的地理特征结合酒店价格看,还是比较值得一住的",2,1.2,htl
酒店位置不错，去解放碑（抄小路），南滨路都很方便，我住的是278的大床房，房间大小还可以，布置的也很雅致，酒店服务也不错，浴室有吹风机，盥洗台右侧的伸缩镜子很不错，不管是男士刮胡子还是女士化妆，都很方便，自助早餐也不错，就是缺乏重庆特色。不足之处有三点：第一也是最让人不快的是房间的中央空调不可调，默认温度偏高，房间里比较热！第二淋浴间排水不畅；第三液晶电视遥控角度太小，非要直对电视才能调台，另外，房间里的书籍如欲观看还要收费，稍显小家子气了点儿。补充点评2008年6月7日：总的来说，这家酒店酒店就如店名一样，偏向于家居风格，并且酒店是重庆市中心少有的比较安静的酒店，而且出门左拐就是十八梯之类的老城区，对于喜好人文景观的朋友比较适合！宾馆反馈2008年6月12日：尊敬的客人，您好！从您的点评可以看出您是注重细节的人，很高兴您对酒店特色设施的认同。房间空调有1到3档可供调节。对于排水不畅，我们已于第一时间通知工程部的同事进行检修，给您带来的不便敬请谅解。房间的书籍是酒店搜寻的近期比较受欢迎的系列，方便您需要可以购买，免去了到书店挑选的麻烦。,2,0.9,htl
房间很大，习惯了一般标准间的面积，一进门还真有点不适应。标间的床就像某些酒店的大床了，不知道大床间的床有多大。周围景色还好，我的房间对面是个体育场，远处有几座山，早晨起来感觉不错。我是去中州铝厂出差，很方便，对门就是铝厂的一个门口。有时候人会很多，像是旅游的样子，好像是去云台山的，可惜偶没有时间，呵呵！,2,1.2,htl
对面就是世帆赛基地，蓝天白天帆船，感觉非常棒。交通很方便。房间还不错，宽带速度很快，就是卫生间小了点。服务还有待加强，入住的时候居然还把我和其他预订的客人搞错。早餐还可以，就是要走到旁边的俱乐部用餐，不太方便。,2,0.9,htl
"即便是江阴星级最高的酒店,但还是摆脱不了土的感觉,装修一般,早餐更是一般,对服务没有什么深刻的体会,相信如果有跨国酒店可以选择,应该会有进步.",2,1.2,htl
酒店就在西门长途汽车站对面，因此如果坐长途汽车过去，到西门站下，马路对面就是。大门实际在环城西路，不过指示牌很明显，因此在人民中路也可以看到。豪华标准房，房间挺大，我们住的1813，窗外有个公园。浴室很大，有分开的浴缸和淋浴房。隔音效果一般，空调有点闷热。早餐可以选的不多。人民中路上有一段步行街，基本都是连锁品牌，没有什么特别。有一家比较大的购物商场，楼上有个babyface酒吧，混合disco和nightclub于一体，喜力100元4瓶，有DJ，9点半后有女孩跳舞（还有一个跳钢管舞）不过非常业余，跳一首曲子就下去了。听说有几个公园去散步还不错。,2,1.2,htl
总算可以免费上网了～经过3年的营运，价格在不断攀升，硬件多少在退化，服务还是一如既往。呵呵，从性价比角度看有待商榷喽......补充点评2007年12月17日：房间内的温度是可以调节的，冬季里一般我都建议服务员给锁定在24度自动控制状态，没有那么干燥，感觉很舒服。,2,0.8,htl
"好的方面:-位置好,靠近蛇口码头,海上世界旅游休闲区;-设计独特,房间给人家的亲近感,更适合较长时间旅行的停顿,前台别致(两张桌子象银行大堂经理位);待改善的方面:-价格偏贵,直逼五星级;-早餐一般,物无所值.免费注册网站导航宾馆索引服",2,0.8,htl
实在很舒服的度假山庄，没有一般度假区的市侩的感觉，有家的感觉，越王山比我想象中的刺激，不过那些木走廊过道需要维护一下了，不然很容易出事。房间很舒服，床拼起来很大，服务挺好，就是餐厅苍蝇比较多。,2,1.2,htl
"我07年10月19日入住,确实是休闲的好去处,有空还会去.不足之处是山庄酒店菜色一般,入住那天不知为什么上不了网,虽然叫了人来查看,但还是未曾上网.",2,1.2,htl
从广州第四次来仙湖。仙湖不仅环境好，还可以随意停车。（主楼的停车场有保安看守）广州来这里几乎全程高速。渔人码头物美价廉，我儿子非常喜欢吃那里13元的扬州炒饭。而且餐厅外有停车场，并设有棚帐，不怕烈日炎炎。只是自助早餐一般般。总体来说，真不错！补充点评2008年8月4日：我们入住的是378元的悠闲高级房套餐，住在北楼。,2,1.7,htl
酒店也推出套票，内容与携程相同。携程套票价格并无优势，但增加了豪华房套票的选择。由于用了抵用券，携程豪华房与酒店高级房套票价格一样。SPA房环境不错，有泰式风情。套票仅含背部按摩，手法不错但时间短。四肢按摩需要加钱（88元/人），且不含头部、胸部，要按得再加钱。沐足中心提供沐足+推拿的套票，98元/人/3小时，比SPA超值许多。酒店游乐项目丰富，观光电梯不错，人工沙滩有特色，仙湖很大且风景很了，踩脚踏船一个小时都不能走个来回。酒店服务尚可，服务人员有礼貌。房间很失望，即使是豪华房也极普通，就三星水准。房间隔音不佳。西餐厅不大但早餐丰富、中餐厅祈福轩味道佳分量足还不贵，渔人码头一般。沿湖向外走出有家仙湖半岛食肆，如果早到还可坐在湖边位置，边吃饭边赏湖景，很惬意。推荐咸鸡、虎皮青椒焖豆角、椒盐骨！总之，托酒店和携程的福，三天两晚端午假期过的较尽兴，玩法丰富不枯燥，还吃到酒店送的粽子。PS.酒店一至三楼的楼梯有点绕，要有耐心，哈哈！补充点评2008年6月10日：酒店玩法较丰富，水上活动、康体设施及摆摊游戏都很多。我和先生二人三天两晚的端午假期，总花费应不足二千元，以这个价钱来说，是个不错的短期悠闲度假的选择！,2,1.2,htl
总体上感觉还可以，但也没有什么太突出的地方，因为才过一个月多点，实在也想不起来有什么让人印象深刻点的。,2,0.9,htl
入住的主要原因是方便。机场巴士就在楼下，适合短暂停留，不适合常住。周围没什么我喜欢的吃饭的地方。拐到后面一条路上，有家粥店不错。ps：上网速度还行,2,0.8,htl
一般设施不错，其他一般早餐也不错,2,0.8,htl
房间还算可以，但硬件设施偏差，服务水平也很一般。,2,1.2,htl
"酒店的环境,早餐还可以。环境也比较安静，工作人员的服务意识也一流。只是酒店附近的餐饮点比较少。可供选择的不多。在酒店就餐不知为啥当时吃饭的人不多但上菜特慢。总体来说还是会继续入住该酒店。",2,0.9,htl
去了一看横幅和携程一个价！房间比较旧，不过总体来说感觉还可以！尤其值得一提的是餐厅的食物味道不错！周围酒吧比较密集！购物和交通也比较方便！,2,0.9,htl
"环境相当好,设施陈旧,服务不好不坏,热水不热.此行一共住了三家酒店,为什么就这里的蚊子特别多呢?如果再到鼓浪屿,从性价比考虑,也许还会住这里,只希望在价格不变的前提下,软硬件都再提高一些.",2,0.8,htl
地理位置距离通常的客运码头比较远，要横穿小岛，预计30-40分钟，酒店处于岛的另一面很安静，游客不多，适合疗养，门前就有一个小码头，但每小时一般。,2,0.8,htl
"酒店挺不错的,接机的车也大,酒店环境也好.离公园大门不远,走走就到,路上还能拍照,很幸运遇上陈大叔给我们做导游.早餐还行.价格略贵些",2,0.8,htl
酒店位置不错，位于泉州市中心。酒店硬件还行，比较新，另外工作人员的服务态度也不错。不过唯一不好的就是早餐的品种太少，而且质量一般。,2,1.2,htl
住的豪华标间，房间不大，设施还可以，液晶电视，同时做为电脑显示器，不过设计有问题，使用不太方便，无线键盘不太好用。总体还行，没有住过其他酒店，性价比无法评论。早饭一般，旋转餐厅，选择比较少。,2,1.7,htl
"酒店的地理位置不错,出门就是公园,就是房间偏小,早餐还可以.",2,0.9,htl
总体不错！原来定298元的房间，因凌晨才到，免费升级到15楼的豪华房，还可以看到海景，三天都没有给我换房（周四到周日），值！房间设施还可以，达到3星标准吧，但洗脸盆水龙头漏水。16层是餐厅，我房间正好在餐厅下面，有一天他们员工聚会嘈了一下午！楼上的餐厅好象不对外？楼下怡情楼据说是青岛很出名的餐厅，挺火的，味道还行，价格跟啤酒街的差不多。步行向下200米有个大商场，购物吃饭很方便。可以住！,2,1.7,htl
感觉没有说的那么好！海景也一般，给我安排的是很偏的海景房！房间给升级了，不过是吸烟房间，晚上回去发现问题严重，后来给安排了1台空气净化器，问题算是解决了。房间很大，不过形状不好不实用，到是挺适合加床的！装修和配置一般，不能算豪华了！班车很方便四周也比较安静，商业一般！,2,1.2,htl
位于西环，地处香港老城区，门口有巴士及电车站，交通比较便利，酒店环境一般，但相对于390元的价位来说，还是比较划算的。,2,0.8,htl
酒店位于较偏的西环，不过交通还方便，门口不远就是有轨电车站，2元可以坐全程，不过速度稍慢，站也很多。不过因为地段偏，附近吃饭相对便宜，茶餐厅15-30块就够了。房间设施一般，不过在HK面积算大了，毕竟才390港币，折算成人民币才350多。休闲游的可以考虑住这里。,2,1.2,htl
据说这是北海最好的三星级酒店，生意不是一般的好，人气很旺，那天晚上到的时候大堂气氛浓烈，感觉很温馨。房间的卫生间小了点，不过服务好，心里就舒畅了。我住的房间还送早餐、果篮、晚上还有巧克力，最绝的是楼层服务员告诉我网络客人还可以免费烫衣服……哇。晚上大堂副理还电话拜访我，我告诉她电视调不好，她还亲自上来帮我调。总体感觉不错，大堂副理请我帮忙宣传一下，我同意了哈哈。,2,1.7,htl
购物选择入住是非常方便，酒店就连着海港城，但是房间一般，设施也很陈旧，早餐也非常一般，个人认为，香港最好的酒店早餐是数码港艾美酒店的。,2,1.2,htl
"酒店设施尚可,房间内镜子太多.携程的套餐包括送水果,还有巧克力,比较温馨.服务一般,入住时前台试图诱导我买早餐,两大一小每天早餐440元,两天共计880元,另外冰箱里的东西可以随便吃,被我拒绝了!第二天就不再送水果巧克力了,连免费的两瓶水也不给了...酒店离九龙又一城步行约15分钟,旁边有个公园,但是离地铁远了点,需要做小巴,有时6元每人,有时3元每人,开得飞快很吓人,小孩同样费用,就是这点不满意,还是住得离地铁近些比较方便.",2,1.2,htl
住的IIA的标准间298的，总的来说还是有4星的样子的，房间够大，卫生间热水什么的还不错，各种设施都是标准配置。就是房子比较老了，这个价位如果在旺季还可以其他时间就不值了。早餐没说的那么差，但是宾馆会议很多，赶上团队你就得早去不然全是菜汤了。服务各方面也还比较标准流畅，如果你不很熟悉西宁住那里倒是很安全，警察和交警总在门口执勤，现在去正修路有点不方便,2,0.9,htl
青海宾馆在西宁还算不错，大床房床离门非常近，隔音不算太好，电视小且旧，不过酒店环境还可以，早餐也不错。,2,0.9,htl
"还行,房间小是不可以抱怨的，因为这是在香港,如果是来购物的话是个不错的选择!",2,0.8,htl
欧式简约装潢，有飘窗，可惜周围全是楼，大床是2张小床拼成的，可以看出小床很小，羽绒被、枕头，在跑马地住宅区，比较安静，周边超市、洗衣店多，餐厅一般，出门不易打车，有免费bus到时代广场等地，有收费机场穿梭巴士,2,1.2,htl
"酒店在我最喜欢的跑马地区,是靠山的,很舒服,不到两分钟步行时间还可以到临近的百家国际超市,那里可以购买到全球各地的新鲜美食.^_^,扯远了,酒店房间就是小了一点,大家都知道的,香港寸土寸金啦,房间小一点是没有办法的,好在酒店周围环境幽雅,安静,酒店大堂很怀旧英式风格,还有免费巴士到地铁金钟站,价格也有竞争力,总的来说还是比较满意的.",2,0.9,htl
酒店的位置偏了一点，但其实还是挺好找的。乘地铁在铜锣湾站下，再换乘到跑马地的电车，在总站下（约15分钟），酒店就位于总站的养和医院旁。（注：香港的电车与国内的不一样，是没有号数的，只在车头标志总站地名）。若乘出租车，从铜锣湾过去也是5-10分钟。酒店的设施较新，室内环境也不错，但是房间好小，床位小得可怜，标间的单床就真的只能睡一个人，稍胖一点的人都睡不下。服务还可以。,2,0.9,htl
"实在太远了，到香港就是满足购物需要，留在酒店出门不方便。酒店在新界屯门边上，到屯门中心打车也要$25.周边没商场餐厅.下次不再选择了.可取之处:设施还可以,如果度蜜月一两天还行.",2,1.7,htl
看到网友评价说最好不要3楼和5楼的房间，但是不幸还是被指定为3楼，问前台，问了还是等于白问，就是告诉你没有了。房间设施一般，洗面盆的冷水超级小，只有热水才是大的，害得我洗衣服超级不爽。服务还可以，给了小费后房间服务员立刻多给我们3瓶水。酒店最大的好处就是离DFS超级近，大包小包可以放回房间后继续去其他地方逛。,2,1.7,htl
房间都可以，摆设同其他酒店的不同；地理位置系荃湾的中心地带，地铁附近，出入还可以；夜晚系附近吃消夜还过得去；周边环境在夜晚比较静，比较安全，旁边有好多住宅楼；下次去还可以考虑，500几文，OK嘎。当然比如心差，但起码房间属于中等（如心的房大、新）。,2,0.9,htl
房间还行，交通也方便，当然火车站周边略显嘈杂，总体还行。,2,0.8,htl
房间总的来说还不错，早餐做为四星级酒店来说一般。酒店外面小吃或者一般的酒店少总的来说，对我这样出差的人来说还不错了,2,0.8,htl
1.地理位置不错2.早餐中等偏上3.网速一般在长春还算物有所值,2,0.8,htl
距离火车站非常近，走路5分钟就能到，在市中心，去哪个地方，交通都比较方便。入住比较晚，晚上10点钟左右，想订餐被告知下班了，想到宾馆小卖部买点方便面，没想到也关门，这一点不太方便。房间还行。,2,0.8,htl
位置、设施都不错，价格也还可以，就是隔音太差了，被隔壁吵了一晚上,2,0.9,htl
外出时一般都会先看看当地的如家。这家店挺不错的。性价比高，服务也足够周到仔细，反应也很快。不过不怎么喜欢他们的制服啦，花花的，很难看。对了，只是离车站不是很近，边上那家超市，食品怀疑过期(面包)，离恐龙园也远，但是门口就有公交站台，还算交通方便。补充点评2008年1月28日：说错了，是虎丘，哈哈~~,2,1.2,htl
总体来说还可以，门口的车不是很多，但是金门路上车很多，游5等都可以直接到火车站，离寒山寺留园虎丘定园都很近！,2,0.9,htl
一般情况吧!这个价位的能有这样的硬件条件也算不错了!适合情人约会不想花大钱的!,2,0.8,htl
位置好火车，地铁，机场大巴，汽车都很方便。离恒基商城很近，可以逛街打法时光。服务还行。,2,0.8,htl
房间超大，不是一般的大。哈哈哈哈哈哈哈哈哈哈补充点评2008年8月11日：周围吃东西的地方比较少。,2,0.8,htl
入住前看了之前各位网友的点评，心里预期不是很高，而且自己准备了拖鞋和饮用水，在入住的时候特意要了无烟房。入住之后，发现房间的面积挺大，基本设施虽然不新但是功能都完好，房间（我住在3层）的隔音也不错。总体感觉还可以了。,2,0.9,htl
5.1期间在这住的，位置还可以，在市委市政府附近，要去商业区和步行街得打车，屋里有蚊子，虽然空间挺大，晚上熄灯后把窗帘拉上简直是伸手不见五指，很适合睡觉，但是会被该死的蚊子吵醒！打死了两只，第二天早上还是发现又没打死的，卫生间挺大，但是设备很老旧。,2,0.9,htl
中煤大厦在同价位的酒店中，个人感觉性价比还可以。只是我住的房间临街，晚上比较吵。,2,0.9,htl
"1.设施一般,在北京不算好.2.服务还可以.3.出入还是比较方便的.",2,1.3,htl
房间还可以，比较大，但是临近马路，早上被车辆声音吵醒了，还有就是桑拿浴室不好，洗了一次澡，我和朋友损失200块钱，怀疑那里有人偷钱，如果各位朋友去，千万不要带现金。,2,0.9,htl
前台服务超差，基本的笑容都没有，看都不看你，连招待所都不如，很明显四星级的牌子是买回来的。房间装修也很一般，幸亏价钱还不算很高，但这样的服务就算高了。住了两次，没有任何改观的迹象，下次不住它了！,2,0.8,htl
1酒店比较偏打车不方便2酒店楼上有KTV，晚上非常吵，特别是对住在五楼的房客。3前台接待，态度生硬。不太欢迎通过携程网预订的人。接待我的小姐，还给我一张名片，让我订房直接打宾馆电话就可以了。说携程发传真来还要回传比较烦。那位小姐好像姓冯。4房价水份太多。房价标价为516元，但一般预订只要讲价的话通常会以318元成交。5在入住后的第二天，我退房后，因为有事还要入住，前台一听是通过携程订的直接回答没房预订（该市当天并没有什么重大活动，也不是旅游旺季）6房间里的价格比外面高许多，一瓶外面一元钱的矿泉水，房间里标价为5元。而且酒店附近没有购物的地方。7服务意识太差，我询问前台工作人员当地天气预报，回答说是不知道。8早餐较差，部分菜还是冷的该酒店有好的设施但缺乏有效的管理，服务意识较差，甚至有点店大欺客的味道，虽然，它并不是什么大店,2,1.2,htl
"首先感觉不像大酒店,应该属于公寓式酒店,房间很小,明显是住宅公寓改装的.其次门童的服务不好,傻站在那里,我进去朝我傻傻的看着,既不问好,也不微笑,还不如放个像机场一样的假人算了,第一印象差.当然前台的服务也很一般,说是从什么日记本,但不是我主动打电话讨要的话根本没人送来.如果说300多块的房价我就不说什么了,但600的房价确实让我感觉太不值了.补充点评2008年1月16日：补充一点:附件的交通也不方便,说道这里我要批评携程,描述这个酒店在八佰伴附近,去查查词典看看什么叫""附近""宾馆反馈2008年1月18日：感谢您对酒店提出的善意的批评。酒店对相关部门的经理及员工进行了批评与处理，并从工作流程上进行了重新调整，尽量杜绝漏发礼品情况的发生。真心地希望客人能再次入住，对酒店的服务进行监督，以便酒店的服务能更趋完善。",2,1.2,htl
感觉一般，就是各方面都一般，在三门峡这种地方住住还是可以的,2,0.8,htl
非常不行，三星的携程定290元，说景观房，其实什么都看不到，连大马路都不繁华。火车站附近佳丽4星，协议价298。只能说这变价高了，而且很老破破的样子，一点花园的感觉都没！其余一般。,2,0.8,htl
"接站免费司机是四川人很实在,在路上告诉了一些初到拉萨的注意事项,宾馆很小,不是我们内地的星级标准.早餐还行,卫生间很大,就是价格稍高,我们到的第二天停电,所以我们换宾馆了.",2,1.2,htl
1、车到酒店门口，没找到酒店，原来身边满是脚手架的大楼工地就是酒店，胆战心惊的走入，前台很破旧，很难想象是四星级的酒店。2、我住公寓套房，好像19楼，几部电梯只有一步到达，换了隔壁电梯才行，楼上走道昏暗，长长走廊，只有一两盏灯，，一出电梯眼睛要过一会儿才能看清东西，太省钱了吧。3、上午入住，电钻声不断，楼下房间原来在装修，携程也不事先告知，我晕！！！4、客厅较大，但太空了，只有沙发，却没有电视机，原来是叫人坐那里发呆的。5、洗澡没热水，一问，原来不是统一热水，而是电淋浴器，烧一桶要好长时间，一个晚上到第二天早上也没有热水出来，服务员说不知道为啥这样，四星级的无热水待遇，澡当然没洗，退房时心理和身上都发痒....6、口渴了烧水喝，电热水壶也坏的，打电话要换一个，说库房下班了，那是晚上八点多吧，从哪里变不出来一个？其他没人住的房间，你们经理的办公室...总能解决吧，不行烧一壶水上来也行啊，可他们就不理你，我只能跑到街上买水喝了！！7、所有家具设备都是陈旧的我想大家也会理解我的感受，我平时住店一般会先来看看众兄弟的网评，不好决不敢住。这次行程匆忙，是在路上电话预订的，酒店是携程反复向我推荐的，我才上了当，如果携程以后光注重经济效益而不注重酒店本身的品质，推荐这样的酒店，我看是要砸牌子的，毕竟你们也有竞争者的。补充点评2007年5月2日：再补充一点，宽带速度“奇快”，两个笔记本上网，一个酒店宽带，一个CDMA掌上宽带拨号上网，在联众打游戏，有线的网速还比不过无线的，还掉了几次线，送了人家好多分，呜呜...,2,1.2,htl
实在一般，这样的酒店还要这个价钱，令人费解！,2,0.8,htl
总而言之一句话，很差！早餐基本上没有能吃的东西，房间也很差，附近交通也不方便。配套以及服务都很一般,2,0.8,htl
卫生设施太差，毛巾又黑又硬，下水道堵塞，床垫不好，睡上去不是很舒服。觉得服务态度还可以。对面就是长途汽车站，出租车蛮多的，出行还是很方便。,2,0.9,htl
我们于11月初入住该酒店450元/天房间。感觉还行。就是客房把一次性睡衣和不收费睡衣放在一起，外包装一样。一次性睡衣收费98元，只要开封即视为使用。问题在于2种睡衣放在一起，且没有明显标示。而且该酒店没有窗户，室内光线也不好，如果没有把2个睡衣拿起来仔细分辨很容易就随便拿一个算了，把一次性睡衣撕开包装口。作为服务行业的酒店是不是该提供鲜明的收费标识说明，以免客户发生错误？,2,1.2,htl
"非常一般的酒店,最过分的是早餐居然在地下负一层,而且基本没什么吃的!酒店的位置也非常一般,四周景色非常不好!",2,0.8,htl
条件一般，就是地理位置不错，离市中心比较近，出行还比较方便。,2,1.2,htl
"很旧的设施,服务也不好,感觉一般.不能和大城市比.",2,0.8,htl
"性价比太差,一个小县城的房价比北京上海广州深圳同级酒店的房价还高,服务跟一般招待所差不多,不值得住!",2,0.8,htl
一般////////////////////////,2,0.8,htl
"标准大床间,面积较小.宽带每天20元(其他连锁店一般免费).床垫上只有很薄的床单有很硌的感觉.服务生年龄一般都很大,老油条服务,较差.步行到世纪公园站约5分钟.如果参观上海新展览中心而入住该店,性价比刚刚及格.",2,0.8,htl
房间太小，无电梯，周围环境还可以，但正在修路，非常嘈杂,2,0.9,htl
北京的酒店，也就是这么着了！五星级酒店也就三星的水平，何况四星的呢，凑合着住吧,2,0.8,htl
"挺一般的酒店,酒店门口的马路挺吵的,性价比不高,不值得推荐",2,0.8,htl
不值得这个价装修很一般酒店外是烧烤一条街早餐非常简陋，没啥吃的。下次决不选择它。连申请延迟退房都不肯,2,0.8,htl
网上订了一间198的迷你温馨双床房，打开四楼第一间房，突入其来一股扑鼻的烟味，房间够迷你但是不温馨，致电服务台要求换房，让我们去五楼等服务员回来开门，等了20分钟没人来开，只好自己去总台拿钥匙。第二间还好没有烟味，但是房间旧旧的，还不如一般的三星宾馆。住了一晚上，电视是要扭着头看的，因为实在太小了，正面放不了桌子。结帐时居然说我们用了他们的抗菌毛巾和剃须刀，毛巾袋被撕开但是正面看是完好的，幸好我们住的是两位女性，用剃须刀干吗？折腾了一个多小时，从服务员到大夫，解释了半天我们没有碰过，终于免单。浪费我们不少时间，不知道这家酒店平时怎么管理和交班的。除了总台态度还不错以外，我再也不会住这么糟糕的地方了。电话预定时告诉我离春熙路10分钟走路，其实有足足两站路，坐公交车10分钟还差不多。,2,1.2,htl
招待所而已吧，唯一可取之处就是交通还行，三环边上。,2,0.8,htl
春节期间入住，感觉硬件环境还马马虎虎，但是酒店服务太差，名为温泉度假村，但是对住店客人没有任何泡温泉的优惠和优先措施。1、住店客人与非住店客人一样需要购买温泉票，而且如果入住当晚上和第二天早上都想去泡温泉还需要买两张温泉票，按理对住店客人完全应该有去温泉的绿色通道，否则住度假村就没有意义了2、泡温泉还需要在前台换钥匙，我去换的时候有很多非住店的来泡温泉的人在排队，我就跟前台说应该给我们住店客人优先，但是前台小姐居然不愿意，我怒斥了几句后最终还是给我优先办了，真是岂有此理，住他们酒店还得不到应有的服务3、前台的服务意识淡薄，我入住时问前台小姐能不能第二天稍微晚点退房，并让她去问经理，结果她去问了经理之后根本就不回答我，我问她她还说以为了已经走了，我就站在她面前！总之，这个温泉度假村实在让人不敢恭维，服务质量绝对配不上它的外表，以后不太会再选择它了。,2,0.8,htl
"这酒店太旧了,大厅看上去还可以.房间的设施成旧不堪!卫生间的马桶真的都不走水的.早餐太一般了.要去入住的朋友要有思想准备,期望值不要太高.400多一晚说实话不太值!!",2,1.3,htl
每次中途休息都会住在这，不是因为这家酒店有多好，主要是上下高速比较方便。房间一般，餐厅饭菜比较差。,2,0.8,htl
经济类酒店，所以价格适中。酒店设施服务就一般了。虽然在亚龙湾，但是交通十分不方便，下次还不如住在市区。,2,1.2,htl
我们是今年五一期间入住酒店的标间，卫生一般，房间有点异味。酒店对面有个超市，要买东东要赶早，好像晚上8点多就关门了。晚上路边小吃很多。,2,0.8,htl
不喜欢这个酒店，感觉同它的星级相差很远：1。没有门童，没人会来帮你提行李。2。前台态度冷漠，口气太生硬。3。我刚办了入住，把我的房号写错，害我提着行李上上下下的跑。4。自说自话把我同事的订单取消，携程出面交涉没有结果，很强硬。5。大堂太小，搞了些电脑让人上网。有些不象住店客人的人在那里上网，乌烟瘴气，像网吧。6。自以为聪明的推出了很多所谓的服务，但一般我们用不到。相反却完全不能给客人温馨的感觉。7。相对它的服务，这个价格太贵了！真不知道这样的酒店在奥运后怎样生存。。。,2,1.2,htl
"房间小得无法想象,建议个子大的不要选择,一般的睡觉脚也伸不直.房间不超过10平方,彩电是14寸的,晕死,交通还算方便,离地铁不行10分钟内,但你必须知道哪条是正确的路,如果入住,必须要有心理准备,一个字""小""!",2,1.2,htl
酒店设施还行，服务超级差，服务态度也很不好，我们本来是在这里开会，结果各个部分互相之间很难沟通哦,2,0.8,htl
悔啊！！500多的价格，房间一般也忍了，服务太差了，特别是前台那几个，那个效率，那脸上的表情――有点职业素质好不好！,2,0.8,htl
各方面都很一般，象个小旅店，也没什么太出格缺陷，价格略贵啊。,2,0.8,htl
电梯太慢，需要等很长时间才能上下楼一次。房间门卡进门也不方便，需要试很多次才能把门打开。条件太一般！携程房价与前台价完全一致。,2,0.8,htl
该酒店实际是兰州铁路局的内部招待所，位于火车站出站口处，如果不怕火车吵，那么晚上可以睡得着。价格不算便宜，只能是一般。房间很旧，房内设备一般，卫生排气扇坏了，抽水马桶也坏了，维修人员脾气很暴，要很有礼貌的对待。前台服务人员素质比较差，早上退房时前台竟然找不到服务员，等了近半个小时，耽误宝贵的时间。入住酒店停车竟然要收费。建议不要将该酒店做为入住选择，除非你对火车有特殊的感情。,2,0.8,htl
环境一般，设施较旧，豪华标准间看不出哪豪华来，浴室特滑，差点扭伤脚，以后不再住这了,2,0.8,htl
太差。就差是露宿街头了。携程把这样的酒店包括进来，实在是很幽默。十堰还有燕良大酒店，据说还行，为什么不去联系？这样我们也方便一些。,2,0.8,htl
"春节去住了一晚,进门就像到了一个大市场,晚上快12:00了,竟然还人声鼎沸,感觉很闹.房间进去后感觉还可以,不过卫生间很差,淋浴没有门,撒了一屋的水.整体感觉就是3星标准.第2天换去香格里拉了.以后也不会再去!",2,0.9,htl
"之前已住过该酒店觉得还可以,但这次感觉却非常糟糕,安排入住的竟然是一间没窗的房间,由于当时比较晚又是唯一的一间房,不得不住,但到现在想起都心有余悸,如那天碰巧有火灾那我怎么办?其实一直有个疑问,为什么通过携程订的房间不是在边上就是在哪一个角?现在还有没窗的!价格问题?宾馆反馈2008年4月22日：首先非常感谢您对酒店的评价，对于您在酒店所感觉的不适，我们深表歉意！携程一直是酒店的重要合作伙伴，对携程的客户我们一直尽量提供最优质的服务，但因酒店建筑格局原因，有三间房间为无窗格局，客人当天预订时较晚，酒店房间较紧张，只有无窗的房间安排。但前台在安排客人入住此类型房间前，均会与客人做好沟通。对于客人所提出的安全问题，此房间除无窗外其它设施设备都一样，且酒店消防系统齐全，每年都有通过消防部门的有关审核，确保客户的生命安全。再次感谢阁下的意见，期待您的再次光临！",2,0.9,htl
前台和餐厅服务太差，吃早餐不能签单，房间有霉味，骚扰电话太多，房间太小，周围全是装饰市场，环境太乱。另外到哈尔滨的朋友请注意：从机场到市区的出租车计价器全有问题，显示的价格一般都要高50--100元，实际正常应该在80元左右，过路费20元，这个问题反映很强烈，也从没有人管。只要我们自己注意砍价了。,2,0.8,htl
没有住过这么差的2星级酒店：白色的床灯灯罩霉到发黑。浴缸锈到有5块斑点，就像是这次在涠洲岛上看到的巨型蜘蛛趴在那里，具可怕。（我儿子都不敢站在里面洗澡）整个洗脸台上都是水泥修补的裂缝的痕迹……北海的2星级酒店也太好评定了！！！整个酒店除了服务人员能让人满意以外，整个硬件没有一处能说得过去是2星级酒店的，可以说不如一般新修一点的招待所。整个北海之行，这个酒店给我们很大的遗憾，哎！要不是我做事拖拉，提前订好海边的酒店，就不会弄到整个海边酒店满员，而零时住这家酒店了。,2,0.8,htl
"早餐很差劲,不过一般这种地方的四星也差不多就这样了.",2,0.8,htl
差差差，太差了！不是一般的差，我希望以后携程不要再推荐这样的酒店给我！！！,2,0.8,htl
房间设施比较简单。服务员服务也一般，隔音比较差。晚上的骚扰电话，唉，不提了,2,0.8,htl
酒店特别提示[2008/02/29-2008/08/30]酒店对面立交桥改造。携程提供的提示不准确，不是对面立交桥改造，根本就是门口的马路改造，再加上昆明道路好多都禁左，再遇上堵车。。。。。。2008/05/04刚住过，堵死我了。晚上10点从机场走的，开了1个多小时。酒店设施已经老了，要是不修路，到周围转转还行，服务员态度一般，入住的时候都是我自己拿着大包小包，开了房间也没人理，自己上去的。酒店的中餐不好吃，早餐的米线还行，但是品种太少，住了两天，第二天就吃腻了。,2,1.2,htl
在喀什，如果通过ctrip预定，这是仅有的2个选择之一。优点：在汉人区，附近有夜市，房间里有宽带。缺点：虽然在喀什算是还凑合的，但条件还是很差（没错，我住的已经是这里的“贵宾楼”了），感觉房间陈旧20年；根本无法刷卡（虽然他们门可罗雀还要求你用信用卡担保...）；宽带设置烦琐，需要设置用户名密码；早餐也比较差，一楼设置的旅行社报价比其他地方贵。建议后来者不要看到这里有宽带或者方便通过ctrip预定就随手预定这家了，可能会影响你的出游心情。喀什现在听说新建了一个四星级酒店，塔西南石油管理局开的，我猜比这个会好。,2,1.2,htl
服务很差！！！服务员的态度很不好！环境也一般,2,0.8,htl
酒店设备一般，套房里卧室的不能上网，要到客厅去。千万不要到酒店的餐厅吃饭，价钱贵不说了，态度极差，端上来菜竟然是冷的，上来的米饭也是冷的，要求他们热一下竟然和我们理论！！下次肯定不会住了！,2,0.8,htl
这个酒店在苏州的园区，位置相当远，房间也一般，好象原先这个楼不是设计为酒店的，因为在园区内这种楼都一个样子，我们是晚上入住酒店，可是从门口路过了两次都没有发现是酒店，最后问了路人才又折回去。第二天退房后又迷路了，转了一个圈子才找到大道。我想平时肯定很少人会去住这个酒店，出租车都会打不到，而且两天的房价都不一样，第二天的价格比第一天低。自已安慰自己是周末的因素吧。总之，价格高，路远，酒店很没有竞争力。,2,0.8,htl
性价比一般，主要体现在早餐难以令人满意，希望增加花色品种。,2,0.8,htl
酒店装修气味很浓，房间感觉一般，与4星有不少差距。入住期间居然不开空调，热得要死，刚好房间又向阳，期间打了几次电话，最后同价升级成单人套房，郁闷的心情总算好点！卫浴品太旧给人感觉不爽，总之感觉不好，下次不会再住！！,2,0.8,htl
酒店在装修，整体感觉特别不好，正门都走不了，车也不让停，服务人员也不协助找停车的地方，哪里像是五星的服务水准？房间卫生状况也不是很理想，备品也不像是五星级的，比如牙刷根本就是劣质产品。酒店整体的软性服务也需要提升，看得出是个管理很一般的饭店，服务有员整体素质一般。,2,1.2,htl
春节前往香港度假，入住富豪东方酒店。该酒店价格不低，可条件却不高。交通不便，服务一般般（国内快捷酒店水平）房间内的硬件设施还不如快捷酒店，很旧很旧的家具。房间始终弥漫着一股潮、霉的味道。晚上楼道里空调机房的声音整晚都不停，就像轰炸机在头顶盘旋。服务员看见洋鬼子比他爹还亲，对祖国大陆客人完全两样。酒店的位置很蹩脚，很难叫到出租车，小巴很近的距离就6块，5个人出门就30块比的士还贵。不推荐大家入住.......,2,1.2,htl
房间很小，设施的装修都不如它旁边的姊妹酒店，但其实两家价格相差无几。服务态度比较一般，自助早餐就在一楼酒吧里面，感觉比较差。老实说，到了才发现酒店后面是一片蔚为壮观的坟场，当即想要取消预定，但酒店死活要扣钱（据携程表述），不得已免为其难住了一晚。可怜我这次去香港还和女友一起，我们再也不会住这家酒店了。补充点评2008年7月10日：对了，这家店的门牌也是相当的诡异。也许是我们先看到后面的坟地的原因，上楼之后看所有的房门上都没有门票，正面墙上也没有门牌，我们都不约而同背脊发凉……还好我很快低头发现门牌在……地上的门槛石上，我瀑布汗――太吓人了,2,1.2,htl
酒店的设施和服务与描述及其不相符硬件最多2.5星水平，卫生状况一般，床单上有洗不掉的污渍，床上有沙粒（？？？！！！），房门不隔音...早餐只有泡饭和咸菜，而且每人只有1小碗，因为添加的话，后面来的客人就连泡饭也吃不到了。虽然是春节期间，但这样的服务也太匪夷所思了。我以前通过携程预定过全国各地的房间，发现有夸大星级的情况，但还不算离谱。携程网上酒店的描述和酒店实际质量差别如此之大，我是第一次遇到。德清的雅兰和荣盛山庄的硬件和服务要好几个档次。据我所了解的携程操作程序，网上酒店的说明和照片是酒店自己上传的。我建议携程适当做一些抽查和复核，类似卢球假日这样的情况，会极大影响用户对携程的信任，虽然信息资料是酒店提供的。,2,1.2,htl
海兴慕名而去！我的评价：地段差，服务一般般，硬件还可以！,2,1.3,htl
我在国庆前住了6楼的一间朝街的房间，特别吵。晚上很晚的时候，外面还是大卡车开来开去。早上天还没亮，就是卡车的声音。也许不朝街的房间会好点。还有就是卫生间特别小，小得只能容一个人转身。酒店不提供一次性的香皂，我是跟他们要才给的，还好，免费。卫生状况一般，将就吧。,2,1.2,htl
酒店位置还不错，附近就有不少饭店。由于是单行道车子只能停在酒店的后门，到前台要走点路，这点不是很方便。酒店的门童如同虚设既不会帮客人开门，更不要说帮客人拿行李了。前台态度也不好，对客人爱理不理的。房间设施一般，网速不仅慢还会经常断网。,2,0.8,htl
"房间布置是简约型的那种,床和被子都是廉价的感觉,空调极冷而且温度调节不灵,只能睡前关掉,但还是因此感冒,早餐质量非常一般.以后不会再去了.",2,0.8,htl
酒店环境一般服务却极差动不动所有经理都出来侮辱游客不舍得给钱不房费还把政治搬出来吓人态度太差我去过的酒店都有中午退房前电话询问是否要续房我是凌晨4点才去的什么都不知道一睡到下午一点就吵着要我交钱我说为什么不提醒我他说我们就是这种规定从经理到员工一个德行劝大家千万别去,2,1.2,htl
"我再次重申:不能相信携程接线员的推介,要大家看点评!接线员说这是准四星,但只是准三星而已.在张家界这个旅游热点城市但管理横乱的地方,凑合住了一夜---因为咱队其他地方也是不熟.",2,1.2,htl
"酒店外观相对气派,但房间确实很简陋,设施陈旧,卫生一般,最多就是个90年代未的水平。不过大庆宾馆较少，找了一遍发现也的确再没有什么宾馆了。",2,1.2,htl
10月1－3日入住，该酒店环境很差，像个大杂院。里面有消防队，小店，居民搂等。房间设施也一般，毛巾更是又黑又硬，插地还差不多。更可怕的是3日凌晨小偷竟两次光顾我的房间，而且有钥匙打开房门，幸亏我上了防盗链，没有进来。事后酒店方面承认防盗压力很大，而且屡有客人失窃。我建议携程可考虑推荐这种酒店。补充点评2007年10月11日：应为：建议携程考虑取消推荐该酒店。,2,0.8,htl
来长春之前，查阅了携程的很多酒店评分，感觉这个还算不错的，但是入住之后感觉很失望：1、房间门坏了；2、空调不好；3、房间陈旧；4、服务一般。。。。总之性价比很低，早餐还算可以。,2,1.2,htl
房间设施陈旧，服务一般，由于中午到的酒店，网络调试需要帮助，居然说中午人都休息了，得等1点以后上班，靠。早餐还是很丰富的，下次不会住了，性价比不高。,2,0.8,htl
"房间里的硬件设施还可以,周围环境太吵,早上不好打车.主要是前台的服务非常不好,Checkin的时间很长,办离店的时候也很费劲,说什么房间里的地毯有新烧了一个洞,但对天发誓我连火柴都没碰一下,也不会抽烟.让人感觉非常的不舒服,订房时的价格时不含早餐的,但结帐时却非说我们订了早餐,,,,真是让人感觉糟透了..这样的服务永远不会去第二次.",2,0.9,htl
春节是住的，位置不错，交通方便，周围环境也不错，购物很方便。房间大，卫生间超大，个人感觉完全是浪费空间，房间老旧。前台服务一般。早餐只有韭菜猪肉馅的饺子跟米汤。是我吃过的最糟糕的酒店早餐。电梯很恐怖。不过一楼的老大爷很亲切。,2,1.2,htl
"一般一般,以后肯定不会再住这里了，服务一般",2,0.8,htl
电梯维修，只能爬楼，房间不大，设施一般。房间里居然连个大灯都没有，只有一盏远远的台灯晃着暗暗的光。最恐怖的是窗户外面就是走廊，隔音基本为零，只要有人走路说话，都会有回音，特响。清晨就有酒店人员穿着拖鞋嘻嘻哈哈的走过，您就别想睡了。,2,1.2,htl
在当地算是比较好的酒店，所以每次去当地出差基本上都会住这家酒店。酒店服务一般，设施不是很理想，如果能够有针对性的进行改进会更好。,2,0.8,htl
本以为三星级的宾馆还过得去，订了四个单间，总台服务员见我们是外地的，给我们的单间最小的竟然只有6个平方米，另一间霉味特重，条件显然不符合三星级单间标准，我们要求退房，不行。住6平方的是个驾驶员，不敢说，以为我给他安排的就是这么大。后来得知与总台交涉，才勉强给我们换了两个房间。我们同行的一致认为，这家酒店太差劲了。评价：服务态度差、房间差、没停车场……反正一切都糟糕透顶，第二天立马换地方。本会员评价绝无假话，建议不要选此家酒店。,2,0.9,htl
1月7日入住，太一般了，对于2星降到1星或没有星级也就这样了。服务很差，服务员不知房内有客，未敲门竟直开门进入房间，要吓死人的。更痛苦的是，说是酒店，连饭都没地方吃，我是中午住进来的，没到晚饭时间就退房走人！,2,0.8,htl
"先生在8/29入住时,收银台人员竟然可以将入住刷卡时的预授权800元当做消费来给客人刷信用卡,还打算撕走一张凭证,当时没注意到,但幸好三张凭证都要回来了.9/5,发现问题后,先生给酒店的收银台打了电话,在现在9/7号,都没人回复.真是素质与服务都不是一般的差!幸好另外找了信用卡银行在跟进了,真不知这800元最后会怎么样呢.补充点评2007年9月7日：在离开酒店结帐时,又说原来预授权(实际是消费)的卡用不了,要提供另一张信用卡,先生也不知就里,就用了另一张卡结帐离开了,仔细想想,这会不会是个局啊?稍不小心,800元就不知贡献给谁了?",2,1.2,htl
以为和温州的华侨饭店一个系统，入住发现像校办酒店，房间隔音很差，而且不仅是左右，楼上的动静也听的到，房间有一股陈年的霉味，行政房就是大些，湖景一般，是湖的一小部分。服务像国企。,2,1.2,htl
"外观还行,但是里面的环境就没法提了.卫生间有一股说不清的味道,本来想洗澡,但是看过卫生间后,还是打消了念头!早餐只有面包\粥\咸菜\,以及鸽子蛋大小的鸡蛋.吃完之后居然",2,1.2,htl
该酒店严重名不副实，所谓的商务间豪华间就是一般的标准间，套间就是标准间多出一块，设施陈旧，严重上当。,2,1.2,htl
实话说，此酒店有愧其大堂挂的四星的牌子。房间除了面积尚可外装修和内置相当一般，恐怕还达不到三星标准。只有一些房间有网络，虽然很先进的用wifi，但是信号非常弱。洗澡的时候发现没有沐浴液，服务员的工作态度十分马虎。,2,1.2,htl
"酒店性价比极底,早餐品种单调,老外一般只吃早餐,可这次不得不吃午饭;入住豪华层可房间很小,转身都困难,两张床只距离15CM远;马桶竟然没水;门弄了很久才打开;总体感觉是园林虽小还算可以,房间装修粗糙,我以为海德的产品一定不错,因为我住过398元的义乌海德大酒店,而扬州这间这是失礼人了.还收600多一晚宾馆反馈2008年7月14日：非常抱歉由于我们工作的不到之处给您带来的麻烦，我们已专门召开了部门协调会对您提出的问题进行调查。非常希望您能与我们营销部联系，以便奉上我们的礼品表达我们的歉意。衷心感谢您提出的宝贵意见。",2,0.8,htl
酒店设施非常一般，连三星都不如，甚至连一些新开的无星级的商务酒店都不如。房间也很小，服务也很一般。价格非常不值，性价比太差。以后不会再入住。,2,0.8,htl
非常非常一般的酒店，无法跟如家或者莫泰比，居然还称之为是环保经济型酒店，汗啊。第一次见到房间里有燃气热水器，还是“前锋”的，是那种开了之后发出哄哄声响的！！！床也不舒服，垫被会移动，毛毯。。。古老的毛毯啊，已经十年没见过乐。唯一称赞的是地理位置，附近吃的喝的倒是有很多。,2,0.8,htl
太差，根本不够四星级。我住的是豪华大床房，居然只是三楼，三楼有不少运动场所，还有发廊，很嘈杂，房间也不好找，我找了半天才找到自己的房间。房间里很闷，通风很差，窗外一点街景也看不见，相隔十几米跟居民楼面面相对。房间里连咖啡包也没有，倒有不少要收费的茶包、饮料等，我还得帮它核对一下别入住时就少了什么！早餐很一般，没特色，以后绝对不住了！,2,1.2,htl
"服务一般,房间太差了点,里面东西太旧了,妈妈的,还要这么贵,四星根本达不到嘛,第二天终于忍不住,换了个酒店.",2,0.8,htl
"非常不愉快的一次经历!!!酒店的服务一塌糊涂!!!在下午3点左右入住竟然没有打扫好房间!办理了手续(付了押金),然后晚上再拿房卡.如此一来,竟然对携程说我没有入住!!!折腾了一周多才确认!房价对比酒店而言并没有优势(非常客观!并没有恶言)相隔一条街新开的酒店比比皆是!除了房间大,其他都一般,特别是隔音差的不能再差,对有时间且喜欢听隔壁做爱直播的是个非常佳的去处!我""欣赏""了一晚上!""身临其境""的感觉!!!总之!我再也不会去这个酒店了!!!",2,0.8,htl
设施是很一般，但是服务人员的态度不敢恭维的。早饭很差，一大群服务员乱哄哄围在一起，就是没有一个人理你,2,1.2,htl
锦江贵宾楼房间装修还可以，环境一般，我认为本次入住餐饮服务比较差，比如我点菜时他告诉我68元，但结帐时时98元。而且价格比较高。,2,1.7,htl
"酒店不管是外观还是内部设施都已经落后了,提醒一下,酒店2007年装修,那只是10-14层,恐怕携程的客人是无缘入住了.其实地理位置也一般,虽然步行15分钟到步行街,但每天的往返还不如住在附近.总之,488的价格太不值了.",2,1.2,htl
交通不方便不是自己车的话，很不方便的。尤其是在早上叫车他们没有时间观念！客房服务员爱骗人！前台的还可以！房间里有蚂蚁和不名小虫！我以后绝对不会在住那里了！同样的钱我宁愿去开元的！总体来说就可以用一个字概括就是“差”,2,0.9,htl
入住的时候我强调不要靠窗的房间，结果晚上休息的时候发现自己根本就是住在马路上。凌晨一点睡下，窗户外传来嘹亮的汽车喇叭声，而且连绵不绝，拉萨的司机在一点多也频繁按喇叭；在床上还可以听到大街上人高声说话的声音、楼下店铺关门的声音。天哪，噩梦啊！马上要求换房间，答应的比较快，原来还有其他的房间空着！他们把条件好的房间空着，却把客人安排在靠近马路的房间！实在可恶,2,0.9,htl
真的很差，就这个价格来说完全可以在桂林住到更好的酒店，前台服务员态度一般，入住之后，空调有问题，房间卫生间没有完全隔开，不方便！反正很不满意，建议不要入住,2,0.8,htl
如果不是看在离奥运场馆近的份上，绝对不住这家。地理位置较难找。虽说只有两楼，没有电梯，让提重行李的人怎么上？走廊超长，吃不消啊。开始给了间房间居然没有窗户，换，地方小多了，价格还不变，携程的价格跟门市价是一样的。装修也比较一般，墙上的涂料都受潮往下掉呢，看着很斑驳的样子。床很不舒服，弹簧真是咯人啊，睡在上面很难受，被子也很薄，不像毛毯也不像棉花胎。,2,0.8,htl
服务还可以，硬件条件一般般，十分的吵，想睡个好觉的千万别住；火车站早已经搬家，坐火车也不方便，倒是晚上饿了吃东西很方便。呵呵，我只住了一晚就跑了。。。,2,1.3,htl
环境和各方面的设施都很老旧，房间小，次所小得离谱，服务态度也一般。实在连3星级都算不上,2,0.8,htl
订的一般标准间￥228的，在前台等了十来分钟开好了房间，刚进了房间就被告知开错了，说开成了￥228的（其实就比￥228的多两瓶水，两小袋饼干），紧接着就被服务员赶（是赶，没错）出了房间，问新开的房间呢，服务员一脸的不快，说在开等会送来，又过了十来分钟服务员才又拿了房卡，房间设施吧感觉一般，达不到三星的标准吧，不及我在观音桥住得一些商务酒店，价格还能便宜一些。,2,0.8,htl
很破的酒店，根本不陪挂牌四星的标准，顶多就是一个2星还勉强。酒店就是一个巨大的娱乐场所，里面夜总会，桑拿应用尽有，晚上骚扰电话一个接一个。房间装修很老，电视竟然不看了。更搞笑的是，桌子上虽然有网线，但是没有插座，感情大家的笔记本都不需要充电了么。,2,0.9,htl
"此店是本人住过10余家北京如家中最贵的,所以我们满怀希望的过去.的确,进门就是很大气的大堂,但是也只有这点勉强能算优点.进入房间,不言而喻,是老酒店改的,完全没有如家应有的温馨感觉,设施陈旧并未完全翻新.最要命的来了,一只一圆硬币两倍大的蟑螂爬到我们同事的腿上,顿时,一个五大三粗的山东大汉被恶",2,0.9,htl
酒店服务还可以，就是设施有点旧了，抽水马桶坏了（应该是自动上水装置出现问题），每次冲过水后，水还是不断的流，为了节约用水（水很宝贵，不能浪费），我就把马桶后面的水阀关掉。本来准备住两天，可是看酒店的设施太差，住了一天就去义乌了，在义乌住两天。这家酒店价位比义乌的假日之星连锁酒店贵，但是设施还没有假日之星的设施好。,2,0.9,htl
第三次入住该酒店，以前的经历都还可以，所以一直都选择该酒店，不过这次遇到了不能刷卡，感觉是酒店为了节约手续费故意的，幸好现金有结余，不然真的很麻烦，下回不想住了。,2,0.9,htl
怎么说呢......这也叫三星？比较象招待所，还有，井冈山的东西那可不是一般的贵！！！！！！,2,0.8,htl
"硬件和软件都一般.打出请勿打扰的提示,还有服务员早晨来敲门.枕头和床都不舒服.下次不会再订",2,0.8,htl
"房间只能算很一般.设施已经相当陈旧.前台的服务水准有很大的问题.没有预授权,2天的房租需要先结算,还要支付押金.住遍中国及国外那么多酒店,没有遇到这样的事情.地理位置还可以!只是这个价位,在深圳别的选择多的是.以后不会再安排客户住去那里.",2,1.7,htl
"很痛苦的经历,酒店9楼以上才是客房,好像从3楼还是5楼开始到8楼,都是夜总会,还有日式KTV,所以到了晚上10点开始就非常的吵,感觉整个房间都在跟着震,第一天住的是9楼,到了晚上睡觉后,才发现,所以几乎没怎么睡.第二天换到14楼,才基本上能接受,但还是能感觉到震动.如果对震动感比较强烈的千万别住,我是受不了,不过我朋友好像感觉一般,还行.但是我根本没怎么休息好,这个假日差点被毁掉,幸好第三天就去香港了.而且房价还380,以后打死不住了.服务员还行,有一点还是要说一点的补充点评2007年10月9日：另外还有房间超小,恐怖,和168的那种快捷酒店差不多了.就这还4星标准啊.",2,1.2,htl
在携程订威龙原本看上了两点，一个是四星级别、一个是香港公司管理。住过之后发现名不副实。首先服务水平绝对没有香港服务的影子，即便是国内的中上等水平也谈不上。第一天晚上就在洗手间里消灭了一个巨大的蟑螂，我想四星酒店应该不会有蟑螂客人吧。虽然有个游泳池，公开的开放时间是每天下午一点到七点，但是在这个时间内从来都是客人到前台要求开游泳池，前台临时找人才打开的，而且池水很冷，一般人能有勇气跳下去的不多，游泳池也因此形同虚设。游泳池的顶棚已经发霉或掉皮，看了让人不爽。值得一提的倒是大堂的几个门童，因为酒店在小街里面，没有出租车，他们几次到大路上帮助客人打车。,2,1.2,htl
酒店非常一般，设施很老，位置也比较偏，严重不复合这个价位,2,0.8,htl
客房和前台服务都不错但酒店太陈旧，房间不如一般3星宾馆，阳台卫生间极小位置也不好，花园泳池都很小尤其要说的是酒店花园里的餐厅，叫东海渔家还是东海渔村的太黑了市场8元一斤的海瓜子，他卖50元一斤，还少秤味道也差一盘炒黄瓜要18元根本是露天排档的环境，桌子都脱漆摇晃了很过分,2,1.2,htl
以前在这里住过感觉还不错，但是这次很差劲，以后不住在这里了。1、天黑以后到的宾馆，出了电梯以后，楼道黑黑的，都看不清楚；2、订的“豪华数码间”，但是进去以后没有找到网线，随后打电话问客房服务，被告知需要用猫，于是去找。等了大约1个半小时才拿来……第二天，又被服务员借去用了半个小时；3、结算时，楼层服务员硬说是我消费了两个“和其正”，磨了近十分钟才搞清楚，他们连自己房间配了几个都不知道！4、晚上用餐是在房间里面，因为前台押金用的现金，所以身上的现金不够支付餐费了。于是和服务员商量在房间押金里面扣，或者第二天早晨出去回来以后给支付，但是被拒绝，只好又专门出去取现，这个宾馆位置又不好，没有建行，打车来回又花去十元……总评：房间一般，服务很差，服务员业务素质很差！,2,1.2,htl
位置挺好，可服务态度不行。装修的也挺一般的,2,0.8,htl
"太一般了，比他原来办的如家要略差些！另外，一楼手机是没有信号的，不知道其它楼层怎么样？对不熟悉成都的人来说对会，不过后来得知成都有许多产权式公寓酒店，才138,比它强多了！",2,0.8,htl
设施一般，比较旧。环境比较吵。二楼有个餐厅，人员往来较杂。退房时，清理房间的服务员竟然诬告用了什么洁牙水，晕！真是荒唐，令人气愤！估计是这个服务员自己拿了，反过来诬告客人。建议以后不要在房间里摆放那些收费的东西，需要什么客人可以到下面的杂货店购买，否则某些素质不高的服务员自己用了或拿了那些收费用品，搞得客人反倒恼火。,2,0.8,htl
洗澡竟然没有热水！！太郁闷了~~第二天还要爬山啊！！不过网速还可以~,2,0.9,htl
酒店总体还可以，前台服务态度一般，房间气味比较重，跟其他的经济型酒店比并没有太大的优势。,2,1.3,htl
1、两天不作房间清洁，服务员告诉我，忘记了；2、只要洗澡，卫生间就漏水；3、免费的Internet根本就不能用，服务员告诉我，她们是按照家庭用户申请的，上网人多，当然上不去；4、早餐60％是馒头、包子，蒸饺，炸饺；5、结帐的时候，打出来的水单，多收818元，被我发现后，经理说是系统错误；6、回酒店一般的士司机是找不到的。,2,0.8,htl
房间较小，配置一般，如家越来越差，如果不在现在基础上加以提高，不出几年就要找不到了，现在只想赚加盟费去了吧？,2,0.8,htl
到达后前台看了我手机上的预定确认的短信，又翻查了一些FAX，仍说没有接到过携程预定通知，直到我用手机打了携程电话要服务员接听才得到房间。不知问题出在哪里？酒店在十字路口，入夜都非常嘈杂，主要是汽车长按喇叭的声音。若非出差需要（靠近客户），不会住这里。下次也争取不再入住。酒店设施一般，早餐7点开始，但到8点半都还没有多少可吃的，早退房的相当于没有早餐。,2,0.8,htl
3楼是ktv，很吵；前台服务一般，退房时还莫名其妙有了99的国外长途费，房间内没有宽带，有个adsl猫，他,2,0.8,htl
1、住过的唯一的山景水景双景观宾馆：抬头窗外观泰山石，俯首脸盆赏黄河水。－－热水开到最大，放了10分钟后还是色如浓茶。2、一张比中国历史还沧桑的写字台，看了让人想流泪。3、房间有异味，窗户居然是锁着的，多次打电话让服务员开窗，等了20分钟才来，服务员态度还可以，但效率太低，她们自己解释是人少，忙不过来。,2,0.9,htl
"酒店位置比较偏，交通不方便，出租车还有拒载的情况，另外该酒店会告知携程客人提前退房这样与事实不符的情况，很让人不舒服，希望酒店可以改正。宾馆反馈2008年4月29日：所有客人不管是通过什么渠道预订,只要入住本酒店,均可以在下午1点前退房,比一般酒店退房时间晚一个小时!",2,0.8,htl
"没见过这么差的四星酒店!建议大家以后千万别住,离银滩很远很远!环境也很一般,服务就差得没法提了!",2,0.8,htl
"位置还行,而且旁边就有个1+1超市.唯一让我不爽的是,入住后不到一小时,因行程有变,要退房,竟然称收半天房租!!!而我入住后就去吃饭,怎么样都不肯让步,真郁闷!!!看来还是住石歧好了.",2,0.8,htl
感觉一般，最便宜的房间没有窗户，房间太小。不过，里要去的办公地点很近--京东方,2,1.2,htl
给携程的是一个小的房间，浴室设施很一般，大堂的前台居然在有人的时候才从里面出来，没有出租车，早餐不好,2,0.8,htl
还有一个问题就是，酒店的早餐品种太少，而且味道也很一般，早餐的牛奶不是鲜奶，而且没有果汁。不过房间送餐倒是还行，特别是15块的水果沙拉，每天都要点一份。,2,1.2,htl
设施一般，大堂服务没有笑容，其它方面还可以。,2,1.3,htl
很失望。不过也很正常，因为在北京这个价格就是这样的住宿条件。宾馆的建筑好像和商务楼连接在一起的，4部电梯用一道墙隔开，2部商务楼用，2部住宿用。房间毫无享受的感觉，也就住一天凑合。周边也没有什么餐饮和超市，不太方便。,2,1.2,htl
"位置稍偏,好在曲阜本来地方就不大.房间设施一般,较陈旧.",2,0.8,htl
距离机场还比较近，但是客房是点式住宅式的，丽景房房间非常小，卫生间马马虎虎，热水还不错。房间设施及装修感觉均比较陈旧，卫生状况一般。号称的室内恒温游泳池不开放，我游泳衣都带去了。晚上一直有客人在旁边房间吵闹，总的环境较差。,2,1.2,htl
评价说得花好稻好，也就是一个偏僻的小酒店，酒店规模十分小，房间勉强可以，但是窗口对面不到5米就是破旧的居民楼，这个性价比好像也太差了些。几乎付了5星级豪华酒店的价格（定的是商务套房），实在性价比不高。宾馆反馈2008年6月3日：尊敬的客人，感谢您对星逸酒店提出的宝贵意见。星逸酒店是国家旅游局核定的四星精品商务酒店。我们希望通过最优质的服务让您再次体验到细致入微、彰显尊贵的感受。,2,0.9,htl
我是25日预定的单人大床房180元，当我到达前台时，我没有先说我预定的。问单人大床房现在是什么价？回答是168元，当时我很禁愕。我再告诉我的携程预定的。前台小姐只好按168元给我。到了房间表面看看一般，但隔壁房间的不大的说话声让人无法入睡，叫来服务员看了另外2个房间，都是一样的现象。最后只好捂着被子强迫自己睡。,2,1.2,htl
"酒店的门面实在是太小.从旁边走过不注意看根本就发现不了.同路上有很多的酒店,与其他的相比更是无法相提并论了,前台服务员的态度也很一般,甚至可以用不好来形容.我住的是经济间,和他们介绍的相差甚远,估计也就有个7.8平米的样子,经济间的布局过于紧凑,多余的一点点的空间都不剩下来.住了两天.唯一只发现这里交通比较便利,其他的优点一个也没有发现了.",2,0.8,htl
房间设施很一般、也很陈旧了。宣传册上说是“三星待评”，估计凭这种硬件设施想评三星基本上是不可能的。度假村内没有餐厅，用早餐需步行10多分钟到贵宾楼，还要另外付费，成人20元每人，儿童10元每人。,2,0.8,htl
酒店大堂达不到四星，房间一般，也达不到四星标准，服务员没有礼貌。,2,0.8,htl
我给我老家来的亲戚订的这个酒店，与我住的地方比较近，总天感觉酒店很一般。只是有个免费的停车场，也基本够大，每次过来停车比较方便。,2,1.2,htl
位置偏，周围黑漆漆的。本地人开车都找了好久才找到。房间装修很是一般，可以说是有点差，就10几年的老装修。还是住潭江半岛酒店吧，虽然潭江半岛酒店也不是很让我满意。但是为了出行安全考虑，建议各位还是不要去住该假日酒店。此假日酒店和鼎鼎有名的假日酒店真是非洲和欧洲的区别啊。,2,1.2,htl
交通方便，这是唯一的入住理由。当然，晚上比较吵，可能的话尽量别选择面对火车站的房间。房间一般，尤其是相对这个价位来说，卫生间很小，而且昏暗。我到的时候是凌晨，酒店有半价房间120－140，比携程的198便宜不少。酒店服务的态度还行，但是我早餐的时候朝我要了8块钱才让进餐厅，明明入住的时候说是包括早餐的，因为要赶火车，懒得理论了，而且早餐相当差劲，大家住的时候千万别吃啊。,2,1.2,htl
这个酒店太没有职业精神了！等半天打不到一辆taxi，结帐时没给发票……客房条件一般……性价比太低。以后肯定不会再住这酒店。早餐很差，周围环境很差。,2,0.8,htl
服务很一般房间还可以条件比较一般价格没竞争力,2,1.3,htl
这个酒店，让我很恼火。在CTRIP里查了一下，觉得价格比较全适。可是入住了就象是被人宰割的冤大头。房间很一般，电器也不好用。最可气的是电话费，收费比5星的还贵。我是8月15号入住的，第二天一早就走了，没打几个电话，可是收费确是48.80元。当我说要详细的电话单时，服务员只提供了一份没有时间记录的单子，上面只有电话号码和钱数。我仔细一看，气得半死。连没打通的电话也要收费0.10元，最让人无法接受的确是连打携程的800电话也要收费0.60元/分，他们这是强盗啊。当我要提出找经理时，服务员确说经理不在。可能是我说话声太大了还是什么原因，周围就上来几个男子。说不清他们想干什么。我当时也是赶时间，也怕公司怪我出差惹事同，所以我选择了付费走人。回到公司我把这个事情向携程反映了，可是携程也是无能为力。我手上有这个酒店打出来的电话单子。可这又能怎么样呢。所以我必须把事情的经过和大家说一下，不能让下一个网友上当受骗。,2,0.8,htl
很一般，服务态度不好，我走的时候有个密封的纸箱子需要帮忙拿下来，我先到前台结帐并找人帮忙拿下来，就在短短十分钟时间，查房的服务员擅自就把我密封的纸箱子拆开并翻看里面的东西，等和帮忙拿纸箱子的门童上去时，很气愤，质问服务员，服务员还振振有词，真是服了。不知道是不是有值钱东西就直接拿走了，幸好只是一些资料。,2,1.2,htl
"位置一般,门口还在修路,沙尘滚滚,附近没有像样的食店,不建议入住",2,0.8,htl
这个酒店那是相当的差，民宅改建的，里面的设备和家具多数不全，刷牙的杯子也是破的，电器有的是坏的，晚上前台开着门睡觉，基本保证不了安全，早餐就是花生米＋油条＋包子+稀饭一般，位置在高架下面，不过还算安静，就是周围吃饭和买东西不是特别方便，唯一的特点就是曲径通幽了,2,1.2,htl
走廊里的地毯很污浊，房间内的设施很一般，而且早晨七点钟以后才有热水。大床房应该包括两个人的早餐，可是服务员却告诉我们只能有一个人的，害得我早饭只吃了一半，还要和他们理论，虽然最后改成了两份早餐，但这样的遭遇真的让人很郁闷。象是政府的招待所。。。,2,1.2,htl
"除了位置的优势,房间,服务都很一般...............",2,0.8,htl
一般的不能在一般的酒店。也就算得上3星吧，房间不大临街有点吵。房价根本就没有竞争力，旁边的新世界才238比这好的多。酒店前台办理入住速度很慢。下午在酒店休息服务员敲门打扫房间跟她说不用还执意要进来换毛巾太执着了也。唯一算不错的是酒店地址是商业区（高峰时候打车很困难），下次不会入住。而且携程给的房间价没有一点竞争力。,2,0.8,htl
住了一次民国楼，说实话感觉很一般。服务可以说算差的。早餐单早，另一份居然要45，9：30早餐就结束了，9：15去居然也收45，而且没有吃两口宾馆就开始收东西了，398的房价，45的早餐啊，说时候，198的房间，免费的早餐也不会出现这样的服务。民国楼的大床房不能住，房间也特小，下次不会再选择。,2,0.8,htl
"是我定的是豪房,房的施一般,浴室只有淋浴房很小,且只用浴隔,洗完澡,整浴室都淹水了.了台,房我只是房,台竟,有浴缸的是房,有淋浴房的是豪房.的分真是人得奇怪.另外定的候是有的房,住的候一有提供.房有吹,蚊香片第二天也有充.早餐只在七到九供餐,九山的客人,那不是量早出上山看日出?所以要去看日出就得自己去外面找西吃.以我5/2房620以及5/3房460看.真的有愧格.是山上,但也有偏僻到低.整,下次再九山,真的不再了.",2,1.2,htl
感觉很一般，房间的空间太小想比起来赶不上如家！,2,0.8,htl
位置比较好卫生条件也还行就是房间太小高级大床房的大床还不如一般酒店的标间的床而且床实在是睡的不是很舒服,2,1.2,htl
"这个酒店真的不如照片所显示的那么好.如果有评0分或负分的话就更好了.谈谈我的这次入住吧.12.1.中午到达酒店,1701房间,开门就能看到洗手间,入住后洗澡.于是噩梦发生了.一个漂亮的妹妹用她的房卡把房门打开了.于是我便赤裸裸的站在了她的面前,更糟糕的是她的男朋友还好奇地把头探了过来...我把房门关好,然后致电前台,得到的回答是""我们需要合适您刚才说的情况"".好吧,我等,5分钟过去了,我在打电话到前台,""我们还没有查清楚"".我的神啊,我在洗澡时一个陌生的女人闯入我的房间,我要求酒店管理人员给我一个说法,你居然说要核实,我他妈的有必要骗你吗.下楼,""请问1701房间的事情处理得怎么样了?""说了四遍后,可爱的前台小姐告诉我,她不知道.于是我问紧挨着她的另一个,唯一的另一个服务员,她告诉我,是她接的电话,她们还在核实.对不起,ctrip.我愤怒了.我要求见它们的领导,在我提出要求它们道歉,书面的.它们说它们的领导不在,我kao,站在我面前的四个人居然没有一个是领导.于是,咆哮.接着它们把我领到吧台后的房间,在房间里,我见到了它们的领导,一个母性的女人.承诺我会满足我的要求,但直到今天我没有见到它们的任何的人来给我一个说法,除了免一天房费,和一份水果外.说房间吧.床还可以.房顶开裂非常厉害,有股奇怪的异味,我买了香水喷过才好些.面盆在床头,非常的不舒服.排风扇的声音不是一般的大.洗手间设计非常不合理,洗澡时水会到处流,非常的不卫生.要收费的项目的物品有消费陷阱.我发誓,topstar的酒店我是不会再住了.一群低劣的人是不会懂得如何定义酒店的.",2,1.7,htl
服务一般，房间卫生太差，居然有蟑螂弄的我和我老公身上满是疙瘩，退房时把时间逼的太紧，还必须是12点以前，让我最中意的是他们的浴室，大大的莲蓬洗澡舒服的很,2,0.8,htl
订的￥258的高级标准间（因看到￥248的无窗），但住进去看一样没窗，只是有块玻璃上贴了幅画，后面再点了盏灯，无语；再说早餐吧，说是送早，在前台没有提示时间等，进了房间看餐券没有时间，想到9点去没问题，等我9点一刻去，早餐早没影了，问服务员，很不高兴的说9点就结束，怎么不早点来，好像是顾客的错，简直无语，房间设施还行吧。,2,1.7,htl
1.房间内有很大的气味（可能是墙纸胶的味道），简直无法入睡！2.晚上窗外路上有拖拉机来来往往，若开窗则声音扰人。3.早餐品种少，一般。4.酒店入住停车还要另收停车费，而且车就停在门前的路边，与别处的酒店不同，郁闷！5.房价350在平顶山属于特别高的，该酒店签约价低于300元，看来携程的价格也不底。宾馆反馈2008年2月29日：尊敬的顾客您好：针对您以上对我们酒店提出的意见我酒店已做出了相应的改善：1、我酒店房间于2月10日前全部进行了空气治理，去除异味；2、停车收费只针对过夜车辆；3、早餐品种已做出调整；4、其它问题我们更期待您能到我们酒店亲身体验。非常感谢您对我们酒店的关心支持！并希望您能一如既往的支持我们！,2,0.8,htl
我是3月18日入住的，住了4天，宾馆是在一个小区边上，基本上算是一个小区的楼改的宾馆。门口有一个高高的台阶，大厅很小，根本不够三星酒店的标准。但房间还是可以的，全木制的装修，勉强可以。点餐贵的要命，一盘蛋炒饭敢要14一盘，一份炒菜基本都在38元以上。早餐更差了，我8点就餐，基本就我一个人，入住率很低。我住的是188的豪华单间，结算的时候才知道，单间的门市价才198，只便宜了10块钱。每次打车司机都说188的价格偏高了，实际常来的能到一百二三。,2,0.9,htl
我朋友说要去延庆张山营镇政府附近办事，我听都没听说过这地方，帮他定了这个说是最近的酒店，去了只有他一个人住，360就包个酒店还是第一次哟！房间很一般，周边太安静了，如果想热闹又有逛有吃的朋友还是建议去延庆中心住，县就只有那边大，走哪儿走不算远，打车也方便！,2,0.8,htl
很一般的酒店，不过汕尾也就这样的水平了，无奈,2,0.8,htl
"房间比较小,最多3星,不如定168.设施一般,不如定特价房.免费注册网站导航宾馆索引服务说明关于携程诚聘英才代理合作广告业务联系我们Copyright1999-2008,ctrip.com.allrightsreserved.",2,0.8,htl
"岛上没有像样的宾馆，这家马马虎虎过得去。硬件设施很差，没有暖气，最多只能算1+。免费注册网站导航宾馆索引服务说明关于携程诚聘英才代理合作广告业务联系我们Copyright1999-2008,ctrip.com.allrightsreserved.",2,0.8,htl
因为到达时间有点晚，所以携程的房间取消了。只好拿了2个套房和4个单间。房间是日式的，面积确实太小了。单人床只有1.1米宽！没想到是经济型酒店，很失望。浴室没有干湿隔断，洗完澡，水漫金山，拖鞋湿了，地砖特滑。优点是房间新，风格时尚，有浴袍，拖鞋质量还行。,2,0.8,htl
"设施服务都一般化,性价比不高,在郑州的知名度太小,连出租车司机都不知道,不值得推荐",2,0.8,htl
环境不错，设施比较老。一般班。酒店前台的服务态度实在太差。,2,0.8,htl
"设施陈旧,早餐不太丰富只能说是一般般了",2,0.8,htl
酒店环境非常一般，感觉只是2星级的，酒店外观比较旧，店内装修比较差。,2,0.8,htl
"1.酒店饭菜一般,上菜特慢2.免费宽带上网不好使3.该酒店不是在市中心,比较偏,打车到五一广场至少20元,到省博物(看马王堆)至少40元",2,0.8,htl
"开始住的那个房间初看感觉不错，但空调坏的,一晚没用,卫生间淋浴房洗澡时往外漏水.后来换了一个房间还可以，总体觉得一般。补充点评2008年6月3日：靠近地铁站，交通比较方便，且宽带免费。",2,1.7,htl
酒店很一般。根本就到不了3星。无论从硬件到管理，简直侮辱了三星的标准。房间潮湿味道很大，地毯，房间面积等等简直没有一件能让人舒心。我入住的是288的房间，也真佩服宾馆的管理人员，这个价格他们也敢要，我觉得180元以内还凑合。总之，不推荐大家入住！,2,0.8,htl
"可能是以上海地区而言不算贵吧,但是一切都乏善可陈,就是说不出甚么特别不好的,但是也说不出一点好的,反正如果住这种酒店,不如委屈点住廉价连锁酒店还可以省钱早餐没啥东西吃,又是一个扣分项目,前台和服务员动作很慢,还好离机场近,不然不早退房会赶不上飞机",2,0.9,htl
非常一般的酒店，携程竟然帮着人家忽悠说是按四星级标准装修的酒店，可以说大厅的确有点像四星级，但房间就差远了，携程是会员的参谋，是应该是为会员服务的，不应该总是站在酒店的立场上忽悠会员……另外，携程的价格在酒店实在是太没竞争力了，远远比不了旅游团和酒店自己的会员，二百多的房间只比前台价少10块钱，看来携程的竞争力是值得注意了。最后，鞍山也是一个旅游城市，与携程有协议的酒店却只有一家，实在是不应该。,2,1.2,htl
房间中规中矩。。。卫生间和床之间稍显狭小。。。前台某个接待小姐态度极其消极。。。我到前台结帐的时候，她不知在整理什么。。。我在她面前站了两分钟。。。忽然有人插队进来。。。这位小姐居然给插队的人先办手续。。而后继续整理。。还叫我等会。。。我就奇怪这种人怎么居然没有被辞退。。,2,0.8,htl
离步行街不远，步行大概10分钟。早餐一般，没什么吃的。房间好像办公室改的，粗燥简陋。服务不好，尤其是前台的一个男服务生，我早晨退房时向他要一个礼品袋好把一些杂乱的东西装起来，可他竟然要我自己再回房拿，房卡都交给他了，还要我再回房，基本的礼仪都做不到！,2,0.8,htl
类似于80年代的招待所，要自己下到一楼打开水，开水瓶看的倒是挺结实的。没有电话，叫服务生只能靠人工。洗澡水据说要放20分钟凉水后才会热，我们确实很有耐心放了20分钟，还是冻人。实在心疼水就凑合冲了。空调只有冷风。两张超小的床。总而言之是我住过最为辛苦的房间。,2,0.8,htl
该酒店在大角湾景区内的顶角的位置（南方假日酒店则在角的另一端），对于没车的来说就很不方便了（出租、摩的非常少），远离市区，购物、娱乐都不方便，设施一般、没早餐，服务态度一般，不伦是旅游还是办事都不是好的选择，要是图安静的倒是比较适合，还有就是淡季不来就没什么人还要用信用卡作担保（感觉不怎么诚信）,2,1.2,htl
这个酒店的环境一般，算是比较偏了，不过离酒店不远就有一条小吃街，吃饭很方便。客房的设施很一般，毛巾黑乎乎的，特别是壁挂式空调的制热性能很差，在这个时节的拉萨是很要命的。服务也很不专业，早上8点多退房，竟然找不到服务员查房，而前台也绝不通融，一定要等到查房结束才肯办理退房手续，让人特别不爽的是整个过程中，前台一直在打手机，结果退房用了20多分钟。早餐也够可怜的，好像只有馒头。,2,1.2,htl
酒店很旧，服务很一般。只是离火车站比较近而已。实在没什么好的。携程的价格有很大的水分。,2,1.2,htl
房间很小，设备很旧，感觉不到家的温馨，环境一般．,2,0.8,htl
以前住德清雅兰的，后转到丽晶试试。开始还行，但是今天实在是很不开心！1、前台登记，把我的信用卡仔细反复端详，始终不信任似的，丝毫不考虑查下我每星期都在他们这里住宿，而且都刷这张卡的。刷卡很顺利，但小姐怀疑的态度实在让人无法接受！2、我拿四件行李，让行李员帮忙拿一拿，却被告知：下班了！晕！才晚上十点多！3、我订的是商务大床房，却发现给我的是两小床！问，被告知两小床拼起来就是大床房！！！我实在是身心疲惫，不想自己再拖四件行李去换房了！,2,1.2,htl
房间奇型怪状，环境一般，厕所超大，床超小，价格较高，送餐居然还要收服务费，要不是如家客满，我才不会去住。,2,0.8,htl
"新酒店的内部各方面都不错.服务也还行.行李生不会帮客人拿行李,只能自己拎上拎下那台阶.最不好的是,旁边一施工工程(海景房对着),日夜奋战呀!!!睡着了,也会给吵醒!还有夜间工地汽车喇叭声!下回最起码也得等这工程完毕才能住.",2,0.8,htl
"早餐不好.周围环境还行.一早CHECK-OUT时,大冷的天,我们两女生有好几件行李,叫坐在那门口的保安帮忙叫TAXI,他冲冲的说没空!!!前台小姐说他也不听!怎么有这种人在酒店!炒他100次都不为过.",2,0.8,htl
便宜倒是蛮便宜的，就是环境有点不太好，服务态度也一般。,2,1.2,htl
酒店位置还行，就是服务一般。我在携程上预定的两晚房，却只给我登记了一天，第二天中午续房收了押金，结果服务员晚上十一点还跑到房间来收押金，说中午续房的押金不够：（。,2,1.2,htl
"感觉这个酒店很一般,隔音特别不好,窗户都不是中空玻璃的,又临者马路,相当吵人,一夜都睡不好,房间的隔断也挺次,旁边房间讲电话,这屋听",2,0.8,htl
该酒店性价比不高，在同类酒店中算差的，房价和24k锦江之星差不多，但各方面都有一定的差距。首先是前台的服务速度不够快，等候时间过长。其次电梯的速度非常之慢，不得不说的是还存在安全隐患，楼梯间的安全门是锁着的，万一出现意外后果不堪设想！最关键的房间（大床房）就是一间毛胚房加一张床，一个电视（有些台还不清楚）。电脑网速一般，建议大家用自带的笔记本，那里的13寸电脑一经开机25元。卫生设备：没有吹风机，毛巾破旧建议更换。杯子少了点，加漱口杯才两个。接下去是晚餐，接连选了4样盖浇饭都说没有（注意：都是普通的诸如雪菜木鱼、茄汁鱼片、红烧大肠）最后端来的两份回锅肉和蚝油牛肉从外观看没有任何区别（青椒+肉片）每份统一价10元。一句话，不建议入住。,2,1.2,htl
"11月2日刚去的莫干山,根据携程网的信息预定,由于从没有去过,所以对价钱并没有太具体的感觉,以为山上是比较贵的,但到了那边原来是一个私人承包的小旅馆,服务几乎没有,设施一般,更过分的是,老板心太黑,淡季居然依然收旺季的价格,一间要收790元,问了问其他的宾馆,包括最好的莫干山庄,比这家的环境服务质量要好上百倍,价格只要200多,真不可想象老板的心是怎么长的,携程居然回收录这样的商户,希望携程今后应多为客户利益着想,将这样的商户排除出去,以免其他人再上当,这样会极大的影响携程的形象的.",2,1.2,htl
本以为携程推荐的错不了，而且房价是800，以为是比照四星打造的由几幢别墅的联合体，但去一看，失望到极点，只是私人承包的别墅，而且我用信用卡担保的房间竟然被人住好了，本想和CRRIP理论，但那老板还上路，跟我们协商，只是周六的房间的确紧张，只能接受，最后住到238号，交通太不方便，从皇后饭店开始得爬100个石阶才到。房间的卫生间卫生状况不行，水龙头还可以，是摩恩的。第二天的早饭，只有粥和淡馒头，鸡蛋还是限量供应的，小朋友是没有的，强烈建议去山上住莫干山山庄，去看过真不错，只是双休日估计房源会紧张。千万别住私人承包的别墅，第一次对携程推荐的星级产生怀疑。,2,0.9,htl
哈哈~这宾馆太逗了，我们大老远从北京到这，一住才发现，这整个一老干部疗养所啊！到处都是穿西服，打领带挺着大肚子的老干部，旁边一般还有美女做陪同！哎~FB啊！房间更有意思，可能是为老干部们设计的，还铺绿色地毯！就一个字“大”，大的都空！！！不过设施齐全！可是这个价钱，住这个地方不划算！！！前台服务态度很不好，可能是我们小两口，一看就知道是来玩的，不知道是不是住错地方了，爱理不理的，真郁闷，当老干部就了不起啊！我们两口子可是自己掏腰包住店，不是公款！！！不过宾馆周边的饭店给满分！除了看我们不会讲广东话欺负我们，别的倒还好，要知道，北京人最热心，也懂礼貌，绝不会这样对吃饭的客人！在此，要提醒去广州一带的北方朋友，一定要学广东话啊，不然只有受气的份！气得我后来都想用英文和他们沟通了！！！,2,1.2,htl
酒店自助早餐要180一份，好像携程上写的是50元啊酒店服务很差，第二天早上下雨，要求门童出去叫辆出租车，得到的回复居然是下雨天他们不出去给客人叫车。。。其它方面如房间或环境很一般，价格确标得老高，总之，性价比太低了，以后肯定不会再订这家了。,2,0.8,htl
"完全是个黑店.大家小心!上个月通过携城定了两间房,用信用卡担保.三星期前因行程变更要求调整入住日期,但被告知不能更改及取消,但携城的网站根本没有此""霸王条款"",本人同酒店的销售部及携城的客服(付姓主管)长途电话沟通了好几次,但他们态度蛮横.携城的钻石客户你算老几?在这里请大家小心,不要用信用卡担保.携城和虹桥美爵酒店合伙坑消费者,连携城的忠实客户也照坑!黑心啊!!!宾馆反馈2007年12月18日：酒店在携程网上提供一项提前7天预订的热卖产品，即客人需要至少提前7天预定房间，一经确认的预订全额预付不可取消或做任何更改，热卖房价将在一般促销房价上再打九折。此产品的具体规则在携程网上已经明确注明，客人可以在订房的同时看到预订细则及规定。由于产品本身就是一个热卖促销，当客人选择热卖产品的同时酒店也需要对选择此类产品的客人有一定的约束.这位客人通过网络预订热卖产品后想取消预定，客人联系携程后被再次告知热卖产品的规不可取消或更改。酒店也与客人几次沟通表示酒店为了能公平对待每一位选择我们酒店的客人，故无法满足客人的取消要求，希望客人能够谅解，但最终还是造成了客人的不愉快。",2,1.2,htl
强烈不推荐本酒店。通过携程预定了一间大床房，房价580元，单早，增加一份早餐68元，当时我们以为五星标准。晚上飞机误点，到达酒店已经11点多了，以为在郊县，外面看酒店灯光昏暗，真没看出五星标准，相比上海的一些三星还不如。壮着胆子进了酒店，只有一位女服务生在前台。然后在只有我们两个人的情况下，花十几分钟给我们办好了入住手续。我们因为没吃晚饭，打算去市区吃宵夜。居然--酒店外面没有出租车了。当时晚上十二点左右。而且马路上没人没车。（烟台机场到酒店的时候，叫的出租车的驾驶员说华美达酒店到市区车程大约三十分钟，我们从机场到酒店花了二十分钟。）只好先进房间叫餐，幸亏还有叫餐服务。进了房间，真的吓一跳，装修还不错，可是面积奇小，一张普通大床加床头柜居然占据了房间一半的面积。打开窗户，看到的是酒店内部中庭。叫餐也是单子上的几乎没有，只有几种炒饭和面。我们恍惚不是身处城市。但是这可是我出发前认真选择的，大家好评如潮的酒店呀。吃饭的时候我找到了原因：写字台上有一张广告，上面内容是购买我们入住的酒店，可以代为管理营业，又可以每年用于自住N天，是一种理想的投资方式。原来这个酒店是由很多个人购买的，由酒店集中管理经营的，收益是回报那些购买者的。这大概就是好评如潮的原因了：谁不想自己的投资有个好回报啊。至于次日68元一份的早餐，五星收费，三星标准。我们第三天在威海的四星酒店早餐，比这里好些，收28元每位。概况地说：酒店交通不便，服务一般，装修较新较时尚，如果房价在三百以下，客人又不需要去市区的，还是可以入住的。宾馆反馈2008年8月7日：23点以后，酒店外的灯只保留照明路灯；夜间总台有两名员工当班，出现1名员工服务，是因为另一名员工暂时有事离岗；希望客人谅解！酒店的西餐厅提供送餐服务，西餐品种较多，酒店会考虑适时增加部分中餐品种。,2,1.2,htl
相对于长春的物价，这个价格有点贵。条件一般，硬件设施比较普通，没有北京如家的温馨。房子也比较小，希望价格上有些优惠，如果没有优惠，希望携程能联系到长春其他连锁的经济型酒店，有很多条件不错的。,2,0.8,htl
"可能是酒店比较老的缘故,房间看起来很一般,设施也比较一般.",2,0.8,htl
酒店很差，虽然挂牌4星，但只有准3星的感觉，房间是很大，但设施一般，灯光太暗。海景房是是远远望去才可以看到。房间里有霉的味道，虽然不强烈。虽然是1月，房间里有蚊子，咬了不少包。440的价格还要加政府税13元多，不包括早餐和宽带，宽带10元一小时，50元一天，早餐是广东式早茶单点，有些浪费时间，算来也要530－550左右，这个价格在上海、北京、广州都可以住很象样的四星。希望Ctrip找好一点的酒店，当地的假日的价格又有点高，虽然没住过但我信任假日的品牌。其他是否可以去找一些比较好的四星？,2,1.2,htl
平心而论，这个价位这个房间应该还算不错的，如果我没有碰到下面的几件事情的话：1、拿到房卡到了房间，居然是没有打扫过的2、房门的锁发生了两次故障（锁不上，从外面不用钥匙就可以打开），虽然服务员很快就修好了，但，总是让人怕怕的3、宾馆主楼的一道边门直接连着通往公园的通道，但居然门大开却没有任何门卫和安保措施，从这道门可以直接到二楼客房的走廊。虽然走廊上有探头，但这样的安全措施总让人不放心。4、个人感觉餐厅菜太贵，一盘糖醋排骨要68元，没敢点。（如果要求不高的话，早上的自助餐还可以）宾馆反馈2008年8月1日：对于您在本酒店的不愉快经历我们深表歉意！感谢您对我们提出的宝贵意见。您提出的第四点，这道菜的价格是略高于市场，我们已经进行了调整，对于携程客户我们餐厅是有优惠政策的，点菜结帐时可给予88折优惠，您只要出示房卡证明您是携程客户即可；您提出的关于安全措施方面的忧虑我们能理解，但是请您放心，我们对您的安全是有保证的。我们的保安是流动巡视（边门是安全通道出口），而且我们的监控室按公安部门的要求，是24小时在岗监控，宾馆在安全方面是实行外松内紧；您提出的第一点，很抱歉可能是我们与导游的沟通协调没有到位。因您是上午入住酒店，而一般宾客的退房时间是中午12：00之前。周五都是满房，周六上午入住，房间一般都没打扫好。这点我们事先会和客人或者导游说明情况，行李可以先入房间，但清扫有一个时间段。在您这点上，我们和巴士班的沟通可能出了问题，请您原谅我们的过失。再次感谢您提出的宝贵意见，希望我们能有机会再为您服务，消除您本次入住的不愉快经历！,2,1.7,htl
订的￥230普通间，先说不说房间设施一般，在前台的服务简直无法理解，站在接待处时，服务员将在我后面的3个人先办理（续房），但总有个先来后到吧，不理解。,2,0.8,htl
虽然是四星级的酒店，但是房间内部装修比一般宾馆还差，但服务员的服务还是不错。宾馆反馈2008年7月10日：赵王宾馆有普通间、标准间、商务间、套间等多种房型，目前，大部分普通间已经完成升级改造，携程客户预订普通间享受免费升级到新改造房型的优惠。,2,1.2,htl
"服务较好,但设施不是一般的差。1、电话每次都要试很多次才通，甚至打总台都是这样。更不用提打出去了。2、浴室的抽风没有作用，衣服只能通过开空调才能干。3、室内潮湿，无除湿措施。4、洗脸盆和浴室的下水经常堵。补充点评2008年7月3日：4、酒店不备药。我7月2日下午18：30左右已经有低烧，不仅没有备用药，且附近没有药房总台的回答是：去南浦大桥附近的医院。5、携程的价格不具有优势，和洒店的价格一样。下次不会再住了。",2,1.2,htl
"游泳池不错,其他很一般,房间设施差,房间太小,不过价格很便宜,属于一般选择.",2,1.2,htl
我是在正月住过的，感觉装修不错，但是服务一般！感觉服务员服务很是没有培训好！早点吃的也不是很舒服，吃的东西不是冷的就是半热！现在去太仓在看他们房间价格比过年的时候贵２倍，太仓宾馆的房价太高！,2,1.2,htl
豪华大床房房间大小一般，墙壁看起来很不舒服，都有掉落的斑驳痕迹，其他一般，在所有住过的经济型酒店里算差，比火车站那家168要差。另外对酒店的服务水准非常有质疑，当天入住时，身份证给予登记后竟然没有还给我，而且当时前台就发现了，可以她一没有主动送还到我房间，二连电话通知我一下都没有，顺手夹在了他们的工作板里，想当然的认为第二天的前台在我退房时会将其交换，可是第二天退房时并没有退还，直到当天下午我在庐山的宾馆要登记时，才发现身份证遍寻不着，心里琢磨只有可能遗忘在了该酒店，电话过去前台找了半天，终于发现。由于这个工作失误，导致我的行程被打乱，最后不得不取消了庐山机场起飞的航班，再次回到南昌去取身份证，在要求报销到酒店的打车费15元时，还非常的不爽气，当时大堂经理询问总经理后给我的回复是：这种事情是酒店经常会发生的，我们酒店是从来没有规定为旅客报销车费的，如果要报销只有让前台自己赔偿你们15元。我认为说这种话是很不职业的，我作为住客面对的是你们酒店，是和你们酒店的交涉，而不是和你们的员工，赔偿也是酒店方对住客的赔偿，具体你们企业内部如何进行责任认定和教育那时你们内部的事，是不用和客人解释的。最后在送我们出门时，他们的大堂经理还说了一句，我们这种商务性酒店出这种那种问题是很正常的，让人听了十分的不解和不舒服。有这种心态管理的酒店我表示遗憾。这是我第一次入住该集团的酒店，我相信也是最后一次。,2,0.8,htl
"真不知道那个酒店好在哪里,很难找到,旁边都在修路,遮挡住了酒店.进了房间,很惊讶,为什么呢?房间不是一般的小,布置也不是一般的奇怪,床竟然就在门的边上.进了洗手间,更惊讶,是住过的酒店里最小最小的卫生间了.比香港的酒店卫生间都小,洗澡很不爽,因为水也非常小.从窗口看出去,什么风景都没有.早上点了客房送餐,量极小,也不好吃.出门叫出租车更晕了,堂堂一个五星级酒店竟然等了二十多分钟才等到出租车,上了车以后,旁边一条路都在修,结果去机场飞机都没赶上,太郁闷了.以后不会去住这家破酒店了,怪不得住的人那么少!",2,0.8,htl
听朋友说这家酒店是新装修的，装修的确挺新的。房间里面也挺简洁。只是房间隔音效果很差，对门放的电视声音都可以听到，所以基本没有休息好。早餐很一般。如果去安大和中国科技大学，这家酒店地理位置有优势，步行10分钟即到。,2,1.2,htl
我和MM14日入住的此酒店，第一眼感觉还行，checkin后发现房间极小，隔音效果极差，大白天走道的声音都特大，唉！郁闷啊。第二天我们下午回酒店时发现房间还没有打扫，问了服务员说是酒店要求他们先打扫退房的房间，人手不够所以就没有来得及打扫，酒店的管理和人员配备应该加强！！此酒店带来很多不便，下次不会再考虑入住,2,0.8,htl
2008年7月29日入住三人房一晚，虽说是套房，但是只有一个空调出风口，一间房冻死，一间房还行。淋浴房的水是往外流的，洗个澡卫生间湿了一半了。花洒有很大问题出水极小，要求更换了，还是一样的毛病，根本没法洗头。到半夜大概11点多的时候，我的房间居然会停电，我只开了空调和电视，一人在洗澡而已。还有就是早餐基本没什么吃的。,2,1.2,htl
简单的家具，墙上的颜色非常漂亮，设施还可以说不陈旧，但是房间里总有一股烟味以及油漆味。并且楼顶是个培训学校，晚上还有上课铃声。并且还蛮吵。在那个地方能有这个价格，确实便宜。,2,0.9,htl
"5月2日入住标准间。其网站(,更别想有浴缸之类的设施。2.所谓的按四星级打造，床竟然用未油漆的木工板拼凑而成，大失所望。3.5月2日杭州气温最高31度，房间里中央空调出来的居然只有自然风，没有冷气。晚上只有不盖被子睡。4.早餐一般，想吃个煎蛋？抱歉，没有。补充点评2008年5月4日：其网站介绍是""一家按四星级打造的精致时尚型酒店"",严重名不符实。1.首先房间太不。是我住过的酒店里面最小的.两个人已经很拥挤。卫生间移门是坏的，更别想有浴缸之类的设施。",2,0.8,htl
"携程提供的160元的普通标间没有任何竞争力,房间设施一般,床单破损,服务也一般.商务豪华标间部分房间不是没有电脑,便是电脑只是摆设,连启动都不能.我在升级更换房间时便三易房间才能够正常入住.期待改进.",2,1.2,htl
"自3月12号住进包头鞍山店,心里感觉很失望!房间环境还行,就是窗户不透气,服务质量很差,餐厅菜的品种少并价格贵,最可恨的是欺骗顾客,房间未有热水,不与顾客讲明,跟前台及服务员说了多次,未能处理,自入店以来洗脸洗脚用的都是凉水,天气又冷实在是受不了,直到17号,才通知顾客换房.真是无奈.....",2,1.2,htl
位置比较好，但条件一般，居然空调是单冷的，前台服务非常冷淡,2,1.2,htl
单人房紧邻锅炉房有点吵，房间里也没有桌子，，空间很狭隘，总之一般,2,0.8,htl
服务的态度还可以，只是我住的那间房实在是太太太小了（大床房）。,2,0.9,htl
用信用卡付房费时居然要收2%的手续费。后来结账时却没有收手续费，不知道为什么？真是晕啊。酒店设施一般。另外，附近有卡拉OK，很吵，一直闹到半夜里。外面吃饭的地方很多，这点很方便。,2,1.2,htl
环境一般，卫生间不够合理，服务总台的服务待提高;距离浦东机场较远。,2,0.8,htl
和楼下的朋友感触差不多，这个酒店的硬件和服务都一般，住15层豪华单人间，电视不清楚，床硬，被子薄，空调温度不够，晚上睡的不舒服，冷。卫生间设施还比较不错，装修不久的缘故吧。经当地人的推荐，我下次来这个城市会选择，新开的赵王或者开发区的皇冠，也向大家推荐。,2,0.8,htl
看了还算不错的点评，定了标准间，但是无论是硬件还是服务令人失望。硬件设施还不如一般的农家乐，窗户和门并排在走廊一侧，通风很差，一进房门扑鼻而来的就是浓烈的霉味和香烟味，害得我们一晚上就没敢关窗户，卫生间的淋浴设施地面连挡水条也没有，一洗澡就满地是水。前台服务冷冰冰的，我们11点到达，称房间还没打扫完，让我们在大堂等，之后就没人理我们了，过了半小时再去前台问，才给办理手续，实在是太差劲了。,2,1.2,htl
很一般的酒店。标的3星级，房间面积到是很大，电视机也不错，是液晶的，床也还行。可是，以下几点却让人大跌眼镜：1、写字台前没有椅子可坐，放了个长板凳，让人大跌眼镜！！好像连招待所都不如。2、房间没有咖啡，每天要跟服务员要才给，有次下楼经过服务间，听到服务员在聊天说，某某房间的客人又要咖啡！！！，好像客人就不该跟她们要似的。袋装咖啡应该是每个星级酒店必为客人每天免费准备的。3、房间迷你吧的饮料和小吃消费后，没有服务员给你补充。4、酒店给人的感觉是没有任何服务的酒店。除了每天打扫一次房间外，没有任何房间服务。中午客人回房间休息后，下午出去，晚上回来，发现原来是什么样还是什么样，床和卫生间没有整理，没有开夜床的服务。房间窗户、窗帘保持原样。5、酒店早餐太差，除了能吃口稀饭外，其他基本没东西可吃的。6、天天晚上10点多有骚扰电话打搅。7、房间牙具太差，住了3个晚上，前2个晚上的牙具都是透明塑料袋装的那种，挤不出牙膏来，都是干锅巴，重送过来的也是一样，只能干嗽嗽口了。第3个晚上是那种纸包的牙具，要好多了，至少能挤出牙膏来。,2,1.2,htl
"宾馆在小巷里,周围环境差,室内施舍一般,218元一定要求住4楼(有宽带,房间大),218绝对不值.不如锦江之星免费注册网站导航宾馆索引服务说明关于携程诚聘英才代理合作广告业务联系我们Copyright1999-2008,ctrip.com.allrightsreserv",2,0.8,htl
很一般的酒店……性价比一般……酒店是旧式房子，门感觉不太安全，洗手间相对来说还算装修的可以，只能算宾馆，不能称作酒店，隔音很差，环境很一般,2,0.8,htl
"要不是飞机到达时间22点才不会选择此酒店,外面飞机的声音很大,隔音效果很差,房间也一般.晚上有骚扰电话,下次不会选择.",2,0.8,htl
"第一次去潍坊,第一次住如家,酒店服务一般,房间的纯净水第二天过期,没敢喝,空调声音大,一晚上没睡好.而且晚上还征询需要按摩服务吗?????",2,0.8,htl
隔音太差，走廊有人说话就像在自己房间说话一样。房间门关闭不顺畅，要用力推。服务员爱理不理的，前台服务员连英语也不会说。卫生一般。,2,0.8,htl
"感觉硬件太差,下次不会去,价格还不低,服务态度一般.",2,0.8,htl
一般，总的来说不及莫泰。交通也不是特别便利。以后不会在去这家酒店,2,0.8,htl
感觉一般，如果是来旅游的话，离闹市区比较远，有点不便。是地板而不是我所喜欢的地毯，宽带要另外收费不爽，不过有数字电视算是弥补一下了。客房很简单，家具有点小，感觉不够大气，最好笑的是卫生间竟然没有插座。。。。靠马路的房间很吵，虽然有双层窗，但还是不够安静。补充点评2007年5月4日：上面的点评是点评别的宾馆的，搞错了~~~~~~~~~补充一下：地点是在闹市区，去逛街很方便，房间除了是地板，其他还过的去，宽带要收费不爽，早餐一般，不过鱼丸味道还可以,2,1.7,htl
"1:信用卡的机子建议更换,其他地方都可以使用,到了那里就失效了...2:由于很晚到达酒店,被安排在了一楼。卫生间的淋浴头与管子脱列,等进去洗澡才发现,修理速度极慢,后又被调戏了一把(同意更换房间,等到达前台,又说从其他房间拆个淋浴头下来,还是回到了最初的房间,真是够累的)3:浴室的排水问题还是没有解决,真的是水漫金山寺了4:虽然写的是大床,实际床不是很大,一般...",2,0.8,htl
酒店还不算难找，地铁出来走不远就到！本来公干出差，想着为公司省点钱吧，挑了个北京目前比较便宜的酒店。看了网上的点评对酒店的期望还比较高，但是入住以后却很失望。房间的设施姑且不谈，首先服务就不令人满意，前台冷冰冰的，晚上想找个地方吃饭（因为厨房没有晚饭了），但是说了半天也没说清楚，害的我在旁边兜了一大圈，最后还是吃了方便面。这些都还可以忍受，最最郁闷的是，晚上想洗个热水澡好好休息，结果，水不但不热，水还很小。没办法，只能换酒店了。希望能尽快改进！光是价格有优势那也是做不长的。,2,0.9,htl
"小木屋的隔音相当差,而且房间间隔很近,门口就是过道.由于游客的作息时间都不一样，所以被隔壁洗澡，冲马桶,早上起来看日出的声音严重干扰.房间门口就是公共过道，隔壁一个韩国人半夜跑出来打电话，叽里呱啦的不知道说什么,我出去用英文请他离开.还好他识趣的走开。房间还行,就是床小了，只有1米宽.有热水,热水很热，不错。",2,1.2,htl
打车到酒店后发现，门面特别小而且差，很不起眼。到前台办手续又发现态度特别差，还摆着服务标兵的牌子，我是一点也没感觉到。房间也很一般。第二天中午时，我因为是下午四点半的飞机，因此商量能否将退房时间稍微延迟二十分钟左右，答复是一分都不行，超过一分钟就算半天，口气还很不友好！,2,0.8,htl
"酒店比较陈旧,房间也不大,有股味道.早餐一般.房价也不便宜!总之很一般.",2,0.8,htl
"以后再也不去住这个酒店了，从来没住过这么差的酒店，还是挂五星的！！！！！维景以前是希尔顿酒店，后来才改名的，最早刚开幕时去住过几次，感觉还可以，但后来去南京就一直住金鹰了（房价和维景也差不多，毕竟都是五星级的），因为金鹰在新街口，逛街吃东西都方便，但由于现在南京的中山东路在修地铁外地车不能进，去金鹰的话要绕道珠江路一圈才能到，这次就懒得开车进市区，订了维景，一下沪宁高速就可以把车停着了，经过这次的经验，以后还是宁可多开点车去金鹰了。1.预定的时候要求“务必安排大床房“，携程也回复短信确认了，但到了前台一问是双床房，也问了前台说预定的时候不是说明“务必”要安排大床房的吗？！前台回复：”我们确认的时候没有这样确认的，而且现在大床房也没有了“，算了，办正事要紧，就入住吧，也懒得去和她理论和打电话去携程问是怎么一回事了。2.晚上我朋友打电话去找我，总机说房间客人姓名不对不能转，我朋友以为我说错房号了，打电话来问我，我说房号没错，他又打了一次还是说客人姓名不对不能转，连打了四五次，总机才把电话转过来！！！！！！3.入住期间喝了一瓶可乐和一瓶雪碧，结转时34.50，这是黑店啊，不过这没办法，人家是明码标价写在纸上的，只能怪自己不长眼了！！！4.什么都搞定了，去开车回家了，到了停车场（是露天的，就在酒店门口三四十米处吧），20块钱！！！问收费员说停车卷上面的免费停车处不是请前台盖章了吗还要收钱吗？！原来是过夜的话还要交20块钱的（停车卷背面那一整面密密麻麻的写了，是收费员跟我说的，我也懒得去看了），真TMD的奇怪，住酒店不过夜还住个屁啊？！五星级的酒店宽带要收费是稀松平常，但住宿停车要给钱的倒还是第一次碰见的！！！！总之以后是不会再去住维景了，金鹰，金陵，喜来登，甚至四星的中心大酒店不管是硬件或服务我觉得都比维景好。补充点评2008年1月24日：唯一让我满意的就是门口的门童，我出门吃饭的时候，他很亲切的帮我叫车，还跟我解释说由于现在是下班时间又是出租车交接班，麻烦我稍等一下！！！宾馆反馈2008年4月14日：非常感谢客户对我酒店的反馈.针对酒店停车收费事宜,我们将给予携程客户特别优惠,凡通过携预订并入住酒店的客户,凭酒店停车卡,在前台盖取免费停车章,可直接享受免费停车服务.谢谢!",2,0.9,htl
酒店环境不好，气氛也不好，我和老婆刚刚住进去就有小姐打电话来问要不要特殊服务，真是恐怖，老婆说啥也不住在那边了，最后，我勉强说服老婆住了一晚上，但是到了后来，更是恐怖，居然没有开水供应，然后，还要自己烧水，但是烧水壶居然已经长了毛，后来有个服务员勉强给换了一个，但是还是这样，我当时不知道该说什么好，最后我们买的矿泉水，勉强对付了,2,0.9,htl
标间面积实在太小，卫生间都转不开身。客房服务很一般，好在打电话后态度尚可。值得称赞的是它家的咖啡厅环境不错，中餐厅口味还好。,2,0.8,htl
没有比这个更差劲的房间了，近火车站。服务一般般,2,0.8,htl
酒店位于市中心，比较方便，房间设施较一般，最苦恼的是，说是市政府规定，室外温度不过27度就不能开空调，所以白天几乎不开空调，热得我们没处躲，要知道这可是宾馆不是招待所，房间都是不对流的，不开空调能闷死人呢，真难受啊，还好到晚上空调开了，不然我就立马退房走人了。本市的地图是要买的，不像别的酒店都有赠送。,2,1.2,htl
位置没有携程说的那么中心，距离天河购物中心开车约6-7分钟，走路的话就免了吧。酒店设施和装修很一般，最多一个三星标准。不会再选择这个地方住。,2,0.8,htl
酒店位置比地址说明上的偏多了，接近市郊，路边连个明确的牌子都没打出，失望。酒店外观还算过得去，大堂却很一般（有点像旅社的大堂），走廊和房间的装修都较陈旧，和携程发布的图片相去甚远。洗漱用品配备简陋，大概也就是个三星的级别。同等价位，比起曾经住过的天河购物中心附近的广州皇家国际饭店无论装修还是服务，甚至连自助早，都要差很多。订房的时候总想不起皇家国际饭店的具体名字，才定了这个饭店，真是悔啊。以后到广州不会再选择这里，绝不~~,2,1.2,htl
"初次入住，感觉房间太旧，洗手间小得不得了，而且洗澡时水一会热一会冷的，晚上外面那些大货车吵死了，还有哪里工地的声音一样，反正一晚上都“哄哄哄......""的，除了对面看得到一座绿绿的山，早餐还行外没得什么觉得好的哦！宾馆反馈2008年3月27日：感谢您入住万事达酒店，我们酒店现正进行热水器更换，工地问题是深圳地铁工程施工。给您带来不便我们深表歉意！谢谢您的评论！",2,0.8,htl
"房间还可以,设施简单,不像是四星标准。早餐还算丰富,不过要早去。前台接待、结算速度和态度还不错。后院停车场很有特点，一晚上有两台车被划伤，真恐怖，最关键的是保安及小头目还不想认帐，气愤啊",2,0.9,htl
还有，早餐稍晚点，就没什么可吃的了，做的也很一般,2,0.8,htl
酒店的硬件一般，服务较差。因为我们带小孩是自助游方式，怕万一来不及回来，要求先退一个房，另一个我们退房延至下午一点，前台说不能，只能多保留十分钟，要不就要收半天房。最后我们先退了一个房，把东西全搬到另一房间，并开了请勿打扰灯和挂了“请勿打扰”的告示牌，可当我们上午十一点回来，我们用自己的房卡竟不能进自己房间，而且关了请勿打扰灯，摘了告示牌。问总台，说是我们的卡已被改了，可我们东西还放在房内，竟有此等事情？而且还没到中午十二点呀！！,2,0.8,htl
房间一般，洗手间浴缸里的水有些下不去，标房是对着大堂餐厅开窗户的，晚上12点好象还有人用餐，放音乐，挺吵的．,2,0.8,htl
该酒店达不到五星水准。价格高，环境差，服务一般,2,0.8,htl
"地方不好找,其实就是国际青年旅社.环境一般,设施简陋到地铁站要走10多分钟.",2,1.2,htl
这个酒店到还可以。但是最近两次住那里两晚以上，结果酒店每次都给携程说我只住了1晚就离店了，太不象话了，影响我的积分。酒店使这点小心眼，太不应该了！！！,2,0.9,htl
"服务蛮差的,房间说是豪华其实也很一般...",2,0.8,htl
07年曾经住过一次，感觉还可以。这次感觉不好，被子、床单太、太、太旧了，早该换新的了。其他服务业都一般。,2,1.3,htl
如果要求较高，就不要住这里。--经济房很小，床较硬，夜晚有锅炉声音的干扰。标准间较大，但墙面陈旧，地毯斑驳，卫生间简陋，洗完淋浴后水流四处，下一个人可以直接洗盆池了。前台不负责任，没有保留预订的房间，携程与之交涉后，才勉强换房。总体态度冷淡。房间外部环境不错，但问题是，若是来旅游，你有多少时间来享受它的乌语花香呢？补充点评2008年8月1日：从酒店出去打车有好一段路要走，交通不算太方便。,2,0.9,htl
酒店一般，最受不了的是骚扰电话，一晚上能响4～5回，而且每晚都会打来，只真对单身男客，信息非常准确，严重怀疑是小姐摆平了前台服务员，拿到客人的入住信息。在这样的房间住，心里很不踏实。,2,0.8,htl
1、内部装修尚可，但周围环境差，房间小，所以房间价格偏高，不划算。2、双人房间的床只有大约1米宽。感觉很不好，像童床。3、早餐标价竟然56元，而且品种很少。如果房间不包早餐，千万别去，抢钱一样。中餐、午餐均不开，想吃饭，那就顶着太阳往远处找吧。4、最近因为工作原因，跑过很多城市，住过不少酒店，这是偶遇到的惟一一家上网收费的中档酒店（可能是偶孤陋寡闻了）。每天36大元，简直不可理喻。加房费超过400块了，对于这样的房间有点离谱。5、房间空调声音太大，而且效果不好，不是一般的不好。不知道其他房间怎样。6、一个插曲：俺入住时打开房门，过道竟放一铁架，内装一正在运转的压缩机在轰鸣，正好把过道堵上。俺只好把行李放在走廊，电话通知服务员来把它拿走，结果竟然通知了三次、等了10分钟才来人把机器拖走，而且一句道歉的话都没有。7、电视机2-18几乎都是国外频道，日语居多。感觉不爽。补充点评2007年7月3日：有点笔误：应该是：中餐、晚餐均不开,2,1.2,htl
酒店外观环境还好！进去后，一切都变得很杂！可能是娱乐场所太方便了，进进出出都是小姐与妈咪之类的（晚上七八点钟），后面的发廊液态夸张了点吧？绝对不能让太太们以为我们常住这种酒店！酒店中午和早上的时间环境还可以！酒店房间楼层还算可以吧？但是开着门打牌的房客使到整个走廊烟味很重！而且进出房间楼层的人也很多，感觉有点不很安全。,2,0.9,htl
"住了不少的酒店,一般过的去就不点评,这次实在是忍不住了,不少问题要反映下:1.地理位置地标不明显,司机找了半天,这个就不多说了2.到酒店门口,礼宾部人在旁边都不帮忙拿行李,(行!自己拿.)3.checkin搞了20分钟,有始以来最长的一次,(有点窝火了)4.客房走廊有异味,应该不是新装修的吧.房间里面也是一股味道,这点实在受不了.5.酒店工作人员看我,象见了鬼,各个底个头,招呼都不打.要不就是视而不见,更有看到礼宾的人员翘个脚在酒店的公用电话打电话.(无语)虽然不是星级酒店,设备差可以忍,但酒店管理和serves跟不上,就没有竞争力.下次到北京住如家也再不住这个宾馆了.",2,1.2,htl
很一般。性价比很差。跟上海的快捷酒店相比，价格贵，服务差；外面空气不错。但是内部装修亟待改善；窗户的高度太低，不小心会摔下去；令人匪夷所思的是，订的是大床房，但是床却是坏的；感觉很不好。,2,1.2,htl
酒店位置离火车站有点远，房间环境非常一般，而且晚上环境太乱，尤其是前台结账简直慢的从来没见过，让我等了40分钟，以后坚决不住这里,2,0.8,htl
一开始本来要预定凯悦的，后来助理搞错了，订了个君悦。简单评价以下。柜台服务态度还可以，就是房间特小。最不满意的就是宾馆的车队。一开始我预约了一台丰田皇冠，后来我要用车的时候，柜台告诉我皇冠车出去了，只有花冠，然后告诉我价格是450元，我只好订下了。过一会儿花冠车司机过来了，就说价格是550元，立马抬高价格，我觉得这不是钱的问题，而是宾馆的信用问题。中午时间，我要去吃饭，叫司机12：30过来接我，结果等到12：30，他没有出现。只能给君悦打电话了。最不可忍受的就是那个司机一直边打电话边开车，那天我用车用了5个多小时，其中3个小时以上，司机都是在打电话。如果入住君悦要用车的话，千万不要用君悦的车。素质极差。,2,0.9,htl
房间较旧，墙纸有霉变。环境一般，感觉不象携程上介绍的那样古色古香，而是感觉破旧不堪。不过周围交通比较方便，离景点和汽车站都很近。,2,1.2,htl
第一次去河南省、第一次去郑州，印象一般。入住的大河锦江饭店，据了解已经和上海的锦江集团脱离了合作关系。酒店房间很大，但设施已经较为陈旧，同样是“豪华大床房”有些房间有“沙发”，有些房间无沙发，只有二把椅子。,2,1.2,htl
"房间一般，真的很一般。没有早餐。还是个办公楼，人很杂。宾馆反馈2008年4月25日：房间视个人喜好而定,可能您不喜欢我们的客房类型,关于办公楼,我们大厦办公房间所占比例很小,还不到10%,希望您给予谅解和支持!",2,0.8,htl
请大家千万别住别墅，别墅的空调特差，很难制冷，而且经常半夜断电。酒店前台的服务意识很差，态度极为不好，明明有制冷好的主楼房间，就是不给携程的客户住。如果前台问你们别墅的房间可以不可以，一定不能同意。补充点评2008年7月15日：另外，早餐不太好，我们一般7点半去吃就没剩什么东西了，和团餐标准一样简单的不能再简单了。,2,1.2,htl
环境一般，住了之后让人感觉价格和服务不成比例！,2,0.8,htl
很一般的酒店，紧临马路，虽然有双层窗，但还有些吵。平时价格应低于200元，节日价格380元属于过高。总体而言，很一般，包括服务。,2,0.8,htl
这是第一次订这家酒店，酒店位置还可以，但肯定开业已经有一段年月，装修有点旧，办了入住手续，进入房间，感觉房间的状况不好，所以决定亏半天房租，还是另外找其它酒店,2,0.9,htl
"这家酒店太让我失望了,房间小的简直不能再小了而且服务态度一般除了天台泳池还可以以外,还不如住海景酒店离天后车站又近价钱又便宜,下次去香港我肯定不住这家",2,1.3,htl
非常一般的酒店，房里设施很旧，房间送餐竟然要加多50%的送餐费。总之找不到好的方面来说，有其他选择就不要去了,2,0.8,htl
"综述:见过差的四星酒店,没见过这么差的准四星酒店.详细描述:1,基础设施问题:酒店承诺可以宽带上网,但房间经过更换,才可以使用.房间设施比较简陋.和四形标准有一定差距.具体表现在:家具陈旧,没有必要的办公用具.床具不是一般的硬,而且有明显的污渍.2,服务态度问题.到达酒店时,门童没有服务意识,不仅不帮助客人拿行李,而且开门的意识都没有.总机接线员不仅不使用双语,而且连基本的礼貌用语都没有.3,安全保卫方面问题:酒店防火安全意识不够高.首先,酒店房间内的插座和电源按键安装不稳定,部分地方有明显松动的状况.其次,在酒店3--4层的安全出口的过道内铺设了地毯,根据消防法的内容,酒店安全出口的过道内是不能铺设地毯的.保安并不尽职.4,餐饮问题.酒店早餐没有水果,这是我以前住酒店从没遇到的.没有就没有吧,但是,酒店独出心裁,把塑料水果放在餐台上,不知酒店是考察客人的智商还是工作人员失误.以上就是入住此酒店的感受,但此酒店不是一无适处,酒店门口有轻轨,交通还算便利,距机场较近,前台的一位接待人员和电脑工程师值得表扬.如果你不追求享受,如果你可以忍受没有网络的日子,如果你可以对酒店服务质量不做更高要求,如果你可以保证你入住其间,酒店不会发生火灾.我推荐您入住此酒店.",2,1.2,htl
上次出差住的套房，以下几点感受：1，房间大；2，装修很一般；3，好像没有卫星电视节目，上了两晚上网；4，早餐极其一般，就餐环境像食堂；5，附近什么设施也没有；,2,0.8,htl
总体感觉一般，结账的时候等候时间太长，很慢。。,2,0.8,htl
国庆头一天去住，门市价和携程的价一样，豪华房672元还不包早餐。房间设施挺旧得了，感觉很一般。,2,0.8,htl
酒店一般，唯一就是距离机场近，有免费班车，没有特别印象。,2,0.8,htl
此酒店涉嫌欺骗：ctrip上显示行政房免费上网，但是实事并非如此，只有去行政酒廊去上网才是免费，房间内上网要收费，每分钟2元，而且如果去行政酒廊上网，前提要你在房间先上网激活帐号才可以。也就是说你最少要花两元才能上网，而且不再房间内，这个不是欺骗是啥。早知如此说啥也不会定在这里，1400多的房费，住那里不比这里好，就是想上网。其他服务实在一般。距离市区较远，出行很不方便。周围设施少，同等价位酒店市里多了去了，下次不会住了，还有早餐实在一般。checkin速度慢，有老外提问题，就放下和我checkin的事情过去搭理人家，这点让人感觉很差。checkout也是拖拉。,2,1.2,htl
为保护环境，第二天我没要求换床单等，但床还必须要整理好。他们只是草草搞了一下，皱巴巴的，实在达不到四星。二星还勉强。价格系统与国际惯例相差甚远。给我留下的印象这是一家黑店，能斩到一个就斩一个。希望其他要入住该酒店的客人要对其价格从各种渠道，各时间段认真核对，才下订单。如有必要可随时撤单，以免挨斩。,2,0.9,htl
单人间房间极小，只能放下张小床和一张小沙发，第一个房间空调坏了，换了个房间，连沙发都没了！房间设施陈旧，只是卫生间还可以。根本达不到四星级标准，连如家这类商务酒店都赶不上，强烈不推荐,2,0.9,htl
"老四星，设备陈旧，不如一般的三星。要的大床房也成了标间。免费注册网站导航宾馆索引服务说明关于携程诚聘英才代理合作广告业务联系我们Copyright1999-2008,ctrip.com.allrightsreserved.",2,0.8,htl
"这样的酒店一般,前台服务员善意提醒预定房间有些吵(靠近高架),因为只有这样的房间才有收费的宽带,查看房间后感觉还可以,可服务员就不能等待10min再下楼登记,而是要求必须马上登记,好像担心我们会偷他们的东西似的.",2,1.3,htl
一般。除了便宜。一个大问题就是浴缸的设计有问题，洗澡的时候溅出的水会顺着浴缸靠墙那边的平面一直流到外面的地上。等洗完之后，浴室里已经是水漫金山了。我费了老大的劲才研究出来的，原来里面的那个平面是倾斜的，水所以就顺流而下了，一直流到外面。还有，饭店没有大堂，和隔壁一个公寓或者说是商务区公用一个小小的区域，被称作大堂。跟燕山差不少。下回去石家庄，不去这家了。也有有点那就是买东西挺方便的。边上就是北国超市和北国商场，还有麦当劳和啃鸡。,2,1.2,htl
房间安排非常不合理，要穿过很远的厨房才能到达房间，闻到厨房一股做饭的味道后到了房间都没法休息；大床房间反而不能上网，而标准间能上网，不合理；服务态度也很一般。,2,0.8,htl
一般，就是宾馆设计比较有特色，但是服务实在一般。,2,0.8,htl
订的单人间，结果没宽带，换了商务单人间，却是在后面的贵宾楼---一座四层小楼里。房间条件很一般，不过就是撤了一张床的标间。窗外就是院墙。房间隔音很差，听得到隔壁的鼾声。,2,0.8,htl
"於公寓式酒店，一般期望也不太高，不不失就可以了。可惜的是入南油後就度失望，房是大，但老土和低量(我住的是豪二人套房)，不推荐住酒店！！最可笑的是那""套票""，多付了六十元打算可以打局保球，Check-in的候了我那些保球券，搞笑的是些""券""是不能在星期五、六及日用的...天呀，Ctripoffice又有提醒，白白多付了六十元，然不多，重是我和女友很，道要平日跑去珠海""打保""？那些券我仍然保留著，想看看南油和Ctrip.com有甚好解！！！宾馆反馈2007年9月7日：再次向您表示深深的歉意。酒店运动套票包含早餐券及高尔夫券或保龄球券，规定平日及节假日均可使用。由于保龄球馆事件当日有位新员工业务不熟，以为您用的是周末不可以使用的其它赠券，造成误会，我们也未能及时了解您的不快，事后我们专门以此案例作检讨，保证不再发生同类事件。为表示酒店真诚的歉意。您的保龄球票随时补办，酒店提供一套免费豪华二人套房给您，并承诺为您提供优质贴心的服务。希望您给我们一个",2,1.2,htl
非常一般的酒店，服务台上挂的特色宾馆牌子一点不能得到体现，服务态度也冷淡。环境也相当一般，完全么有传说中养眼的出现，不值,2,0.8,htl
我第一次入住如家，实际情况与现实相差太远，屋子里味道很大，打开窗户换气又很吵，卫生不敢恭维！入住时间不长就搬走。而且位置也很偏，不知道为何在这里选址！总之不会再住！楼下涮肉一般！,2,0.8,htl
不知道携程怎么跟酒店协商的，明明连住两晚248，酒店偏要收我们同事275！害的我打电弧给携程和酒店协调这个事，酒店说销售部没上班，晕，销售部没上班你就别开店了！！虽然后来在携程的努力下酒店做出了补偿性的方案，但毕竟这样的遭遇确实让人很不舒服。其实我们一般去重庆都是住这里，也没有特别不如意的地方。但是这样看上去酒店方小小的失误，确给消费者非常不舒服的感觉，我想这事对富丽来讲不是偶然，期望富丽持续改进。,2,1.2,htl
此酒店设施陈旧，谈不上是星级酒店，只能算是招待所级别。房间小，走路地板摇动，总之，在我此住印象一般。下次不会再考虑！,2,0.8,htl
酒店一般，设施还可以，就是床上可能有什么虫子，早晨起来感觉很痒，同住的同事也有同样的感觉，今后不敢再住了。,2,1.7,htl
不得不评价（当地政府接待酒店，真是官宦意识浓厚）：1、关于早餐：此次为08年1月28号入住，2月1日离开，自1月30日早上吃过早餐后一个小时就开始拉肚子，并且还伴有呕吐（根据医生说明是食物中毒了），上午还没怎么太在意，吃了一些自己随身带的药品，没有效果，倒是拉肚子的情况越来越严重，当天晚上根本没有睡觉，并且躺在床上全身发冷；第二实在不行了找了医生开药吃过后于2月1日终于好一些了；1>针对这个情况和酒店联系能不能帮忙买药品，酒店居然让我自己想办法（后来联系前台大副多次沟通了这个情况才勉强答应帮忙出去看看我说的药品‘黄莲素片’但居然给我的答复是外面药店没有这种药；其实对他这个回答我很吃惊，因为这种药可以说每个大大小小的药店都有，所以我可以判断他没有出去问――这样的酒店算什么？？？）；2>以前住这里也出现过这种情况，但没这次严重，也不确定所以没在意；3>根据以前多次住店的情况，结合这次我可以肯定这是酒店的食品卫生有问题，对于一个四星级的酒店我认为没有任何可以解释的理由和借口，希望引起重视；补充：希望在建的5星级能够早日开张迎宾，期待中……,2,0.9,htl
房间太小。其他的都一般。。。。。。。。。,2,0.8,htl
这个酒店唯一的优点就是位置好，离徐家汇地铁站很近，逛街也方便。房间隔音相当差，床垫也很硬，早餐基本没啥可吃的，服务员态度也很一般。上网另外收费，44一天，0.44一分钟，网速还可以，但是老掉线。前台服务员的态度一般，餐厅服务员更差，基本就是站在那一起聊大天。以后宁愿住远点，可能也不会选择这家酒店了。,2,1.7,htl
房间还可以，早餐不大好，周围比较偏僻。服务态度一般。,2,1.3,htl
"用餐一般，价格比一般稍贵，签单付账时千万注意，因为它没有明细，只会写""零点餐""然后一个总金额""如""零点餐－－1032.00"").如果是集团划账请千万注意多收费现象,而且周期很长,可能会花一个月时间在对账上.(请分清是销售在和您对账而不是财务).",2,0.8,htl
性价比低，房间设施陈旧，房间小的不能再小，有点像监狱。服务一般。宾馆反馈2008年8月8日：谢谢您的评论，首先因为本酒店自身不足给您带来的不便向您道歉。在网络上本酒店设立了七种大小规格不等，价位不等的房型任您选择，同样房间的面积及内部设施也不为相同。我们会不段的提高服务质量，期待您下次光临时提出更宝贵意见。,2,0.8,htl
不知道这个酒店是怎么混到的这么高的评分，名不副实啊。酒店很老了，设施陈旧，服务也一般，我订的大床房，先是给了给窗户完全被边上的一幢楼挡住了的房间，好在房间里有一个灯不亮，以此为理由要求换房，换得第二间房就在原来房间的上面一层，同样是暗无天日，同样是灯不亮，再换第三房间，这次总算窗外亮些了，可又上不了网，只好再换，最后第四个房间据说是升级到高级间了，其实就多了两个沙发。,2,0.8,htl
"2008年02月17日入住兴亚建国饭店,连四星的标准都不够,墙上有多处明显裂缝,卫生间的设施生锈,前台服务一般.服务员还说480元是特价期间的价格.携程订单上有水果送的,一直也没见送.郑州的5星酒店是应该重新评级了",2,0.8,htl
特价房相当的吵。临近高价桥，晚上吵死拉。不过在背面的房间倒还不错，价格也很有吸引力。就是房间很旧！服务员态度一般，而且还很忙，入住和退房都等了很久，差不多10-30分钟才能搞定。,2,1.2,htl
"很一般的设施,很陈旧.服务也很一般,价格和设施是完全不相关的一个酒店.不会再考虑去入住.",2,0.8,htl
"真的是老酒店了..硬件不好,服务可以,我定的是商务大床房但是一进去比一般酒店的大床房空间还小,真是虚有其名...唉",2,1.2,htl
第一次，也是最后一次，服务与星级不成正比，房间设施也非常一般！,2,0.8,htl
"建筑较老,房间内饰一般.属于地方典型的老式3星饭店.门卡经常失灵.特别是服务上还没有形成为宾客服务的理念.当门卡无法开门去前台做卡时,刚对饭店提出意见.让人无法相信的是前台的服务人员竟然说""谁让你们总是一天一天的延住的!""-事实上在前一天刚刚续住了3天.这样的服务态度也就是在N年前某县的招待所遇见过.对于省会的五星级酒店实在是无法评价.结果是和前台吵了一架.搬出了这个酒店.性价比上(价格和房间的内饰)远远比不上中振和华庭.当然如果对房价没有要求的话还是世贸比较好.",2,1.2,htl
"酒店位置较偏僻，环境清净，交通也方便，但酒店及周边就餐选择不多;浴场海水中有水草,水亦太浅,不太理想;有A2水上运动中心基地,能进行帆板运动，是亮点;酒店设施陈旧、简陋,清洁一般，但房间面积足够大；早餐不好，更糟糕的是因本人去时有旅行团，人较多，接待能力不足，甚至早餐盘简单冲洗后即重复使用，非常不卫生，我夫人当即拒绝早餐，并表示立即退房（本来预订了2天），另外，晚上加个枕头还要收取清洗费，以前未遇到过。",2,1.2,htl
携程的工作人员号称是按4星标准建，就非常放心的预订了，结果让人大跌眼镜。房间很小，卫生间设施一塌糊涂，热水龙头和下水都是坏的，叫来工作人员修了半天。房间设施完全不是想象中的4星，充其量2星最多。checkout的查房也是一阵苦等。服务态度也只是一般，让doorboy叫车，结果还是要自己拎着包走去街边等。第二天就换了皇冠假日，天壤之别！不推荐住此家,2,1.2,htl
性价比太差，大堂不气派。房间一般，服务一般，以后不会住,2,0.8,htl
房间装修有点旧了，隔音较差，且没有宽带上网，服务中规中举，没什么特别，感觉往来的客人很复杂，有骚扰电话。,2,0.8,htl
看了网上的留言才定的假日酒店，到后有些失望，很一般的招待所而已嘛．为了安静定了山景房，可是三更半夜的，人说话声加上共鸣比自己房间说话还响，太吵没睡好．,2,0.8,htl
网上介绍的比较好，但是实际却是另一番现象。交通非常不便，晚上除非包车，否则根本没法出行；另外酒店性质为居家酒店，服务态度、服务质量比较一般，周围环境也没有传说中的那么诗意化。如果想体验农村生活的话可以一住，否则可以考虑阳朔街上一带的住宿。,2,1.2,htl
房间太旧，卫生间是很多锈迹，房间比较大，大床不错，我喜欢。价格还可以，就是太旧了，不舒服，服务员水平差不多二十年前老国营的水平。下次会换一家住。不过据说小姐不错，俺没试。,2,0.9,htl
"房间装修差设施也不好,早餐很一般.位置偏僻.",2,0.8,htl
酒店看起来设施都比较陈旧，房间里居然没有中控，非常不方便。热水到还不错。前台态度一般.,2,0.8,htl
非常一般的酒店，完全不够4星的级别，到了才发现酒店外观和照片相差很远，不是很大。大堂很土，房间很冷，那天正好赶上下雨，入住的时候窗帘上拉上的，睡到半夜被冻醒了，早上起来才发现，原来窗户是开着的，为什么服务员不把窗户关上呢，也许是我太粗心了。洗澡的地方也不好，淋浴房很小，都伸展不开。床上的用品也很差，被子也薄。楼上的餐厅超贵，一个西红柿炒蛋要28还是38，刀磨的是相当的快呀！下次不会住了，太差了！,2,0.8,htl
"医疗展会的时候入住了这个酒店,豪华海景房.房间设施还比较新.但是我入住的日子,从进去到离开,酒店不供应热水.想想一千多的房价,亏死了.说是大连在维修管道,简直是无耻,我确认过同期很多朋友的酒店,都没有收到影响.酒店的解释非常勉强.预定时,我是用信用卡担保的,他们还不给我取消入住,也不给打折,说时不可抗力(我们航班因天气原因迫降沈阳,酒店都不给我们取消预定的,害我们打车来连夜赶到大连!!)这个气愤啊.携程也很差,连这么大的事情都不和我说.总而言之,入住这么个无耻的倒霉透了.补充点评2007年4月14日：还忘了说了,此酒店收费项目太多,上网时0.8元每分钟,打劫啊.",2,0.9,htl
刚从九华山回来，从携程订了百岁山庄，总体感觉还可以，就是满大堂飘溢着奇香，不知是什么，有些刺鼻。房间也算可以，很紧凑，设施、洗澡水也不错，可有股潮湿不通风的怪味，被单上也有不洁的痕迹。好在我们只注一天，也就将就了。,2,0.9,htl
房间设施还可以，但酒店内非常的冷，冬天不推荐入住。,2,0.9,htl
什么电力宾馆呀？！根本就象私人的“大车店”！服务不是一般的不规范（收款除外）。入住该宾馆的时候，打开房门一看：纸篓是满满的，洗手盆里都是污水，马桶里也是污水（马桶还是“长流水”），毛巾和地板都是灰色的。打扫过的房间，洗手盆里还满是黑乎乎的油污。第二天早晨，我们刚刚起床，服务员连门都没有敲直接推门就进去了，说是要打扫房间。当我们离开房间的时候，我告诉总台打扫，可是4个小时以后我们回来，房间里就和走的时候一样。房间里电视和宽带也没有了。再次去找总台，等了半个小时都没有人来……总之，就是有一种被愚弄了的感觉。建议携程网取消该宾馆的合同，否则也许会影响到自己的信誉。,2,1.2,htl
"房间太小,宾馆有租四轮自行车的,很破,骑不动,后来服务员说他们的车都是东方绿舟淘汰的.酒巴装修的还可以,就是蚊子太多,象轰炸机.",2,0.9,htl
